{
  "display": {
    "thirdperson_righthand": {
      "rotation": [
        75.0,
        45.0,
        0.0
      ],
      "translation": [
        0.0,
        2.5,
        0.0
      ],
      "scale": [
        0.375,
        0.375,
        0.375
      ]
    },
    "thirdperson_lefthand": {
      "rotation": [
        75.0,
        45.0,
        0.0
      ],
      "translation": [
        0.0,
        2.5,
        0.0
      ],
      "scale": [
        0.375,
        0.375,
        0.375
      ]
    },
    "firstperson_righthand": {
      "rotation": [
        0.0,
        100.0,
        0.0
      ],
      "scale": [
        0.4,
        0.4,
        0.4
      ]
    },
    "firstperson_lefthand": {
      "rotation": [
        0.0,
        100.0,
        0.0
      ],
      "scale": [
        0.4,
        0.4,
        0.4
      ]
    },
    "ground": {
      "translation": [
        0.0,
        3.0,
        0.0
      ],
      "scale": [
        0.25,
        0.25,
        0.25
      ]
    },
    "gui": {
      "rotation": [
        30.0,
        -157.75,
        0.0
      ],
      "translation": [
        0.0,
        -2.5,
        0.0
      ],
      "scale": [
        0.39258,
        0.39258,
        0.39258
      ]
    },
    "fixed": {
      "rotation": [
        -90.0,
        0.0,
        0.0
      ],
      "translation": [
        0.0,
        0.0,
        -14.0
      ],
      "scale": [
        1.8,
        1.8,
        1.8
      ]
    }
  },
  "elements": [
    {
      "from": [
        6.0,
        14.0,
        13.0
      ],
      "to": [
        10.0,
        20.0,
        15.0
      ],
      "faces": {
        "north": {
          "uv": [
            4.5,
            6.25,
            5.5,
            7.75
          ],
          "texture": "#0"
        },
        "east": {
          "uv": [
            2.5,
            10.75,
            3.0,
            12.25
          ],
          "texture": "#0"
        },
        "south": {
          "uv": [
            1.5,
            6.5,
            2.5,
            8.0
          ],
          "texture": "#0"
        },
        "west": {
          "uv": [
            3.0,
            10.75,
            3.5,
            12.25
          ],
          "texture": "#0"
        },
        "up": {
          "uv": [
            12.5,
            3.5,
            11.5,
            3.0
          ],
          "texture": "#0"
        },
        "down": {
          "uv": [
            12.5,
            3.5,
            11.5,
            4.0
          ],
          "texture": "#0"
        }
      }
    },
    {
      "from": [
        6.0,
        27.0,
        13.0
      ],
      "to": [
        10.0,
        31.0,
        15.0
      ],
      "faces": {
        "north": {
          "uv": [
            8.5,
            0.75,
            9.5,
            1.75
          ],
          "texture": "#0"
        },
        "east": {
          "uv": [
            5.5,
            6.25,
            6.0,
            7.25
          ],
          "texture": "#0"
        },
        "south": {
          "uv": [
            8.5,
            1.75,
            9.5,
            2.75
          ],
          "texture": "#0"
        },
        "west": {
          "uv": [
            9.5,
            4.5,
            10.0,
            5.5
          ],
          "texture": "#0"
        },
        "up": {
          "uv": [
            10.5,
            12.0,
            9.5,
            11.5
          ],
          "texture": "#0"
        },
        "down": {
          "uv": [
            12.75,
            4.0,
            11.75,
            4.5
          ],
          "texture": "#0"
        }
      }
    },
    {
      "from": [
        4.0,
        31.0,
        13.0
      ],
      "to": [
        12.0,
        32.0,
        15.0
      ],
      "faces": {
        "north": {
          "uv": [
            11.75,
            4.5,
            13.75,
            4.75
          ],
          "texture": "#0"
        },
        "east": {
          "uv": [
            9.5,
            2.5,
            10.0,
            2.75
          ],
          "texture": "#0"
        },
        "south": {
          "uv": [
            11.75,
            4.75,
            13.75,
            5.0
          ],
          "texture": "#0"
        },
        "west": {
          "uv": [
            9.75,
            6.75,
            10.25,
            7.0
          ],
          "texture": "#0"
        },
        "up": {
          "uv": [
            8.0,
            3.25,
            6.0,
            2.75
          ],
          "texture": "#0"
        },
        "down": {
          "uv": [
            9.75,
            4.0,
            7.75,
            4.5
          ],
          "texture": "#0"
        }
      }
    },
    {
      "from": [
        7.0,
        20.0,
        13.0
      ],
      "to": [
        9.0,
        27.0,
        15.0
      ],
      "faces": {
        "north": {
          "uv": [
            0.0,
            9.75,
            0.5,
            11.5
          ],
          "texture": "#0"
        },
        "east": {
          "uv": [
            0.5,
            9.75,
            1.0,
            11.5
          ],
          "texture": "#0"
        },
        "south": {
          "uv": [
            1.0,
            9.75,
            1.5,
            11.5
          ],
          "texture": "#0"
        },
        "west": {
          "uv": [
            5.5,
            9.75,
            6.0,
            11.5
          ],
          "texture": "#0"
        },
        "up": {
          "uv": [
            10.5,
            12.5,
            10.0,
            12.0
          ],
          "texture": "#0"
        },
        "down": {
          "uv": [
            12.75,
            8.0,
            12.25,
            8.5
          ],
          "texture": "#0"
        }
      }
    },
    {
      "from": [
        3.0,
        14.0,
        13.0
      ],
      "to": [
        5.0,
        17.0,
        15.0
      ],
      "faces": {
        "north": {
          "uv": [
            9.0,
            0.0,
            9.5,
            0.75
          ],
          "texture": "#0"
        },
        "east": {
          "uv": [
            5.5,
            11.5,
            6.0,
            12.25
          ],
          "texture": "#0"
        },
        "south": {
          "uv": [
            3.5,
            11.75,
            4.0,
            12.5
          ],
          "texture": "#0"
        },
        "west": {
          "uv": [
            11.75,
            5.0,
            12.25,
            5.75
          ],
          "texture": "#0"
        },
        "up": {
          "uv": [
            12.75,
            9.0,
            12.25,
            8.5
          ],
          "texture": "#0"
        },
        "down": {
          "uv": [
            12.75,
            9.0,
            12.25,
            9.5
          ],
          "texture": "#0"
        }
      }
    },
    {
      "from": [
        11.0,
        14.0,
        13.0
      ],
      "to": [
        13.0,
        17.0,
        15.0
      ],
      "faces": {
        "north": {
          "uv": [
            11.75,
            5.75,
            12.25,
            6.5
          ],
          "texture": "#0"
        },
        "east": {
          "uv": [
            11.75,
            6.5,
            12.25,
            7.25
          ],
          "texture": "#0"
        },
        "south": {
          "uv": [
            7.0,
            11.75,
            7.5,
            12.5
          ],
          "texture": "#0"
        },
        "west": {
          "uv": [
            11.75,
            7.25,
            12.25,
            8.0
          ],
          "texture": "#0"
        },
        "up": {
          "uv": [
            12.75,
            10.0,
            12.25,
            9.5
          ],
          "texture": "#0"
        },
        "down": {
          "uv": [
            12.75,
            10.0,
            12.25,
            10.5
          ],
          "texture": "#0"
        }
      }
    },
    {
      "from": [
        3.0,
        28.0,
        13.0
      ],
      "to": [
        5.0,
        31.0,
        15.0
      ],
      "faces": {
        "north": {
          "uv": [
            11.75,
            8.0,
            12.25,
            8.75
          ],
          "texture": "#0"
        },
        "east": {
          "uv": [
            11.75,
            8.75,
            12.25,
            9.5
          ],
          "texture": "#0"
        },
        "south": {
          "uv": [
            11.75,
            9.5,
            12.25,
            10.25
          ],
          "texture": "#0"
        },
        "west": {
          "uv": [
            11.75,
            10.25,
            12.25,
            11.0
          ],
          "texture": "#0"
        },
        "up": {
          "uv": [
            11.0,
            12.75,
            10.5,
            12.25
          ],
          "texture": "#0"
        },
        "down": {
          "uv": [
            12.75,
            10.5,
            12.25,
            11.0
          ],
          "texture": "#0"
        }
      }
    },
    {
      "from": [
        11.0,
        28.0,
        13.0
      ],
      "to": [
        13.0,
        31.0,
        15.0
      ],
      "faces": {
        "north": {
          "uv": [
            11.0,
            11.75,
            11.5,
            12.5
          ],
          "texture": "#0"
        },
        "east": {
          "uv": [
            11.75,
            11.0,
            12.25,
            11.75
          ],
          "texture": "#0"
        },
        "south": {
          "uv": [
            11.5,
            11.75,
            12.0,
            12.5
          ],
          "texture": "#0"
        },
        "west": {
          "uv": [
            12.0,
            0.0,
            12.5,
            0.75
          ],
          "texture": "#0"
        },
        "up": {
          "uv": [
            12.75,
            11.5,
            12.25,
            11.0
          ],
          "texture": "#0"
        },
        "down": {
          "uv": [
            13.0,
            0.0,
            12.5,
            0.5
          ],
          "texture": "#0"
        }
      }
    },
    {
      "from": [
        11.0,
        17.0,
        13.0
      ],
      "to": [
        12.0,
        28.0,
        15.0
      ],
      "faces": {
        "north": {
          "uv": [
            6.0,
            9.75,
            6.25,
            12.5
          ],
          "texture": "#0"
        },
        "east": {
          "uv": [
            4.5,
            7.75,
            5.0,
            10.5
          ],
          "texture": "#0"
        },
        "south": {
          "uv": [
            7.75,
            10.75,
            8.0,
            13.5
          ],
          "texture": "#0"
        },
        "west": {
          "uv": [
            5.0,
            7.75,
            5.5,
            10.5
          ],
          "texture": "#0"
        },
        "up": {
          "uv": [
            10.0,
            4.5,
            9.75,
            4.0
          ],
          "texture": "#0"
        },
        "down": {
          "uv": [
            4.0,
            12.5,
            3.75,
            13.0
          ],
          "texture": "#0"
        }
      }
    },
    {
      "from": [
        4.0,
        17.0,
        13.2
      ],
      "to": [
        5.0,
        28.0,
        15.2
      ],
      "faces": {
        "north": {
          "uv": [
            8.0,
            10.75,
            8.25,
            13.5
          ],
          "texture": "#0"
        },
        "east": {
          "uv": [
            8.0,
            0.75,
            8.5,
            3.5
          ],
          "texture": "#0"
        },
        "south": {
          "uv": [
            8.25,
            10.75,
            8.5,
            13.5
          ],
          "texture": "#0"
        },
        "west": {
          "uv": [
            1.5,
            8.0,
            2.0,
            10.75
          ],
          "texture": "#0"
        },
        "up": {
          "uv": [
            7.25,
            13.0,
            7.0,
            12.5
          ],
          "texture": "#0"
        },
        "down": {
          "uv": [
            7.5,
            12.5,
            7.25,
            13.0
          ],
          "texture": "#0"
        }
      }
    },
    {
      "from": [
        5.0,
        25.0,
        13.5
      ],
      "to": [
        11.0,
        31.0,
        14.5
      ],
      "faces": {
        "north": {
          "uv": [
            4.5,
            4.75,
            6.0,
            6.25
          ],
          "texture": "#0"
        },
        "east": {
          "uv": [
            4.0,
            11.75,
            4.25,
            13.25
          ],
          "texture": "#0"
        },
        "south": {
          "uv": [
            0.0,
            5.75,
            1.5,
            7.25
          ],
          "texture": "#0"
        },
        "west": {
          "uv": [
            7.5,
            11.75,
            7.75,
            13.25
          ],
          "texture": "#0"
        },
        "up": {
          "uv": [
            9.0,
            7.25,
            7.5,
            7.0
          ],
          "texture": "#0"
        },
        "down": {
          "uv": [
            9.25,
            4.5,
            7.75,
            4.75
          ],
          "texture": "#0"
        }
      }
    },
    {
      "from": [
        5.0,
        26.0,
        12.0
      ],
      "to": [
        11.0,
        31.0,
        14.0
      ],
      "faces": {
        "north": {
          "uv": [
            6.0,
            4.75,
            7.5,
            6.0
          ],
          "texture": "#0"
        },
        "east": {
          "uv": [
            11.0,
            1.75,
            11.5,
            3.0
          ],
          "texture": "#0"
        },
        "south": {
          "uv": [
            6.0,
            6.0,
            7.5,
            7.25
          ],
          "texture": "#0"
        },
        "west": {
          "uv": [
            11.0,
            3.0,
            11.5,
            4.25
          ],
          "texture": "#0"
        },
        "up": {
          "uv": [
            10.5,
            7.5,
            9.0,
            7.0
          ],
          "texture": "#0"
        },
        "down": {
          "uv": [
            10.5,
            7.5,
            9.0,
            8.0
          ],
          "texture": "#0"
        }
      }
    },
    {
      "from": [
        4.0,
        13.0,
        12.0
      ],
      "to": [
        12.0,
        16.0,
        14.0
      ],
      "faces": {
        "north": {
          "uv": [
            2.5,
            6.5,
            4.5,
            7.25
          ],
          "texture": "#0"
        },
        "east": {
          "uv": [
            12.0,
            0.75,
            12.5,
            1.5
          ],
          "texture": "#0"
        },
        "south": {
          "uv": [
            2.5,
            7.25,
            4.5,
            8.0
          ],
          "texture": "#0"
        },
        "west": {
          "uv": [
            9.5,
            12.0,
            10.0,
            12.75
          ],
          "texture": "#0"
        },
        "up": {
          "uv": [
            10.5,
            3.25,
            8.5,
            2.75
          ],
          "texture": "#0"
        },
        "down": {
          "uv": [
            10.5,
            8.0,
            8.5,
            8.5
          ],
          "texture": "#0"
        }
      }
    },
    {
      "from": [
        5.0,
        14.0,
        13.5
      ],
      "to": [
        11.0,
        18.0,
        14.5
      ],
      "faces": {
        "north": {
          "uv": [
            0.0,
            7.25,
            1.5,
            8.25
          ],
          "texture": "#0"
        },
        "east": {
          "uv": [
            10.25,
            1.75,
            10.5,
            2.75
          ],
          "texture": "#0"
        },
        "south": {
          "uv": [
            5.5,
            7.25,
            7.0,
            8.25
          ],
          "texture": "#0"
        },
        "west": {
          "uv": [
            10.25,
            8.5,
            10.5,
            9.5
          ],
          "texture": "#0"
        },
        "up": {
          "uv": [
            10.0,
            3.5,
            8.5,
            3.25
          ],
          "texture": "#0"
        },
        "down": {
          "uv": [
            13.5,
            11.75,
            12.0,
            12.0
          ],
          "texture": "#0"
        }
      }
    },
    {
      "from": [
        2.0,
        14.0,
        13.5
      ],
      "to": [
        3.0,
        30.0,
        14.5
      ],
      "faces": {
        "north": {
          "uv": [
            4.25,
            8.0,
            4.5,
            12.0
          ],
          "texture": "#0"
        },
        "east": {
          "uv": [
            6.25,
            8.25,
            6.5,
            12.25
          ],
          "texture": "#0"
        },
        "south": {
          "uv": [
            6.5,
            8.25,
            6.75,
            12.25
          ],
          "texture": "#0"
        },
        "west": {
          "uv": [
            6.75,
            8.25,
            7.0,
            12.25
          ],
          "texture": "#0"
        },
        "up": {
          "uv": [
            8.0,
            3.5,
            7.75,
            3.25
          ],
          "texture": "#0"
        },
        "down": {
          "uv": [
            9.5,
            4.5,
            9.25,
            4.75
          ],
          "texture": "#0"
        }
      }
    },
    {
      "from": [
        13.0,
        14.0,
        13.5
      ],
      "to": [
        14.0,
        30.0,
        14.5
      ],
      "faces": {
        "north": {
          "uv": [
            8.5,
            8.5,
            8.75,
            12.5
          ],
          "texture": "#0"
        },
        "east": {
          "uv": [
            8.75,
            8.5,
            9.0,
            12.5
          ],
          "texture": "#0"
        },
        "south": {
          "uv": [
            9.0,
            8.5,
            9.25,
            12.5
          ],
          "texture": "#0"
        },
        "west": {
          "uv": [
            9.25,
            8.5,
            9.5,
            12.5
          ],
          "texture": "#0"
        },
        "up": {
          "uv": [
            10.0,
            6.75,
            9.75,
            6.5
          ],
          "texture": "#0"
        },
        "down": {
          "uv": [
            10.25,
            2.5,
            10.0,
            2.75
          ],
          "texture": "#0"
        }
      }
    },
    {
      "from": [
        3.5,
        10.925,
        3.0
      ],
      "to": [
        12.5,
        12.925,
        13.0
      ],
      "faces": {
        "north": {
          "uv": [
            7.5,
            6.5,
            9.75,
            7.0
          ],
          "texture": "#0"
        },
        "east": {
          "uv": [
            7.5,
            5.5,
            10.0,
            6.0
          ],
          "texture": "#0"
        },
        "south": {
          "uv": [
            7.75,
            3.5,
            10.0,
            4.0
          ],
          "texture": "#0"
        },
        "west": {
          "uv": [
            7.5,
            6.0,
            10.0,
            6.5
          ],
          "texture": "#0"
        },
        "up": {
          "uv": [
            2.25,
            5.75,
            0.0,
            3.25
          ],
          "texture": "#0"
        },
        "down": {
          "uv": [
            4.5,
            3.25,
            2.25,
            5.75
          ],
          "texture": "#0"
        }
      }
    },
    {
      "from": [
        2.0,
        9.0,
        2.0
      ],
      "to": [
        14.0,
        12.0,
        15.0
      ],
      "faces": {
        "north": {
          "uv": [
            1.5,
            5.75,
            4.5,
            6.5
          ],
          "texture": "#0"
        },
        "east": {
          "uv": [
            4.5,
            3.25,
            7.75,
            4.0
          ],
          "texture": "#0"
        },
        "south": {
          "uv": [
            6.0,
            0.0,
            9.0,
            0.75
          ],
          "texture": "#0"
        },
        "west": {
          "uv": [
            4.5,
            4.0,
            7.75,
            4.75
          ],
          "texture": "#0"
        },
        "up": {
          "uv": [
            3.0,
            3.25,
            0.0,
            0.0
          ],
          "texture": "#0"
        },
        "down": {
          "uv": [
            6.0,
            0.0,
            3.0,
            3.25
          ],
          "texture": "#0"
        }
      }
    },
    {
      "from": [
        1.0,
        8.0,
        13.0
      ],
      "to": [
        4.0,
        14.0,
        16.0
      ],
      "faces": {
        "north": {
          "uv": [
            2.0,
            8.0,
            2.75,
            9.5
          ],
          "texture": "#0"
        },
        "east": {
          "uv": [
            2.75,
            8.0,
            3.5,
            9.5
          ],
          "texture": "#0"
        },
        "south": {
          "uv": [
            3.5,
            8.0,
            4.25,
            9.5
          ],
          "texture": "#0"
        },
        "west": {
          "uv": [
            7.0,
            8.0,
            7.75,
            9.5
          ],
          "texture": "#0"
        },
        "up": {
          "uv": [
            11.75,
            5.0,
            11.0,
            4.25
          ],
          "texture": "#0"
        },
        "down": {
          "uv": [
            11.75,
            5.0,
            11.0,
            5.75
          ],
          "texture": "#0"
        }
      }
    },
    {
      "from": [
        1.0,
        8.0,
        1.0
      ],
      "to": [
        4.0,
        13.0,
        4.0
      ],
      "faces": {
        "north": {
          "uv": [
            9.5,
            0.0,
            10.25,
            1.25
          ],
          "texture": "#0"
        },
        "east": {
          "uv": [
            9.5,
            1.25,
            10.25,
            2.5
          ],
          "texture": "#0"
        },
        "south": {
          "uv": [
            2.0,
            9.5,
            2.75,
            10.75
          ],
          "texture": "#0"
        },
        "west": {
          "uv": [
            2.75,
            9.5,
            3.5,
            10.75
          ],
          "texture": "#0"
        },
        "up": {
          "uv": [
            11.75,
            6.5,
            11.0,
            5.75
          ],
          "texture": "#0"
        },
        "down": {
          "uv": [
            11.75,
            6.5,
            11.0,
            7.25
          ],
          "texture": "#0"
        }
      }
    },
    {
      "from": [
        12.0,
        8.0,
        1.0
      ],
      "to": [
        15.0,
        13.0,
        4.0
      ],
      "faces": {
        "north": {
          "uv": [
            3.5,
            9.5,
            4.25,
            10.75
          ],
          "texture": "#0"
        },
        "east": {
          "uv": [
            7.0,
            9.5,
            7.75,
            10.75
          ],
          "texture": "#0"
        },
        "south": {
          "uv": [
            7.75,
            9.5,
            8.5,
            10.75
          ],
          "texture": "#0"
        },
        "west": {
          "uv": [
            9.5,
            8.5,
            10.25,
            9.75
          ],
          "texture": "#0"
        },
        "up": {
          "uv": [
            11.75,
            8.0,
            11.0,
            7.25
          ],
          "texture": "#0"
        },
        "down": {
          "uv": [
            11.75,
            8.0,
            11.0,
            8.75
          ],
          "texture": "#0"
        }
      }
    },
    {
      "from": [
        12.0,
        8.0,
        13.0
      ],
      "to": [
        15.0,
        14.0,
        16.0
      ],
      "faces": {
        "north": {
          "uv": [
            7.75,
            8.0,
            8.5,
            9.5
          ],
          "texture": "#0"
        },
        "east": {
          "uv": [
            0.0,
            8.25,
            0.75,
            9.75
          ],
          "texture": "#0"
        },
        "south": {
          "uv": [
            0.75,
            8.25,
            1.5,
            9.75
          ],
          "texture": "#0"
        },
        "west": {
          "uv": [
            5.5,
            8.25,
            6.25,
            9.75
          ],
          "texture": "#0"
        },
        "up": {
          "uv": [
            11.75,
            9.5,
            11.0,
            8.75
          ],
          "texture": "#0"
        },
        "down": {
          "uv": [
            11.75,
            9.5,
            11.0,
            10.25
          ],
          "texture": "#0"
        }
      }
    },
    {
      "from": [
        4.0,
        10.0,
        13.0
      ],
      "to": [
        12.0,
        14.0,
        16.0
      ],
      "faces": {
        "north": {
          "uv": [
            6.0,
            0.75,
            8.0,
            1.75
          ],
          "texture": "#0"
        },
        "east": {
          "uv": [
            3.5,
            10.75,
            4.25,
            11.75
          ],
          "texture": "#0"
        },
        "south": {
          "uv": [
            6.0,
            1.75,
            8.0,
            2.75
          ],
          "texture": "#0"
        },
        "west": {
          "uv": [
            7.0,
            10.75,
            7.75,
            11.75
          ],
          "texture": "#0"
        },
        "up": {
          "uv": [
            9.0,
            8.0,
            7.0,
            7.25
          ],
          "texture": "#0"
        },
        "down": {
          "uv": [
            9.5,
            4.75,
            7.5,
            5.5
          ],
          "texture": "#0"
        }
      }
    },
    {
      "from": [
        12.5,
        2.0,
        1.5
      ],
      "to": [
        14.5,
        9.0,
        3.5
      ],
      "faces": {
        "north": {
          "uv": [
            9.5,
            9.75,
            10.0,
            11.5
          ],
          "texture": "#0"
        },
        "east": {
          "uv": [
            10.0,
            3.25,
            10.5,
            5.0
          ],
          "texture": "#0"
        },
        "south": {
          "uv": [
            10.0,
            5.0,
            10.5,
            6.75
          ],
          "texture": "#0"
        },
        "west": {
          "uv": [
            10.0,
            9.75,
            10.5,
            11.5
          ],
          "texture": "#0"
        },
        "up": {
          "uv": [
            13.0,
            1.0,
            12.5,
            0.5
          ],
          "texture": "#0"
        },
        "down": {
          "uv": [
            13.0,
            1.0,
            12.5,
            1.5
          ],
          "texture": "#0"
        }
      }
    },
    {
      "from": [
        1.5,
        2.0,
        1.5
      ],
      "to": [
        3.5,
        9.0,
        3.5
      ],
      "faces": {
        "north": {
          "uv": [
            10.0,
            9.75,
            9.5,
            11.5
          ],
          "texture": "#0"
        },
        "east": {
          "uv": [
            10.5,
            9.75,
            10.0,
            11.5
          ],
          "texture": "#0"
        },
        "south": {
          "uv": [
            10.5,
            5.0,
            10.0,
            6.75
          ],
          "texture": "#0"
        },
        "west": {
          "uv": [
            10.5,
            3.25,
            10.0,
            5.0
          ],
          "texture": "#0"
        },
        "up": {
          "uv": [
            12.5,
            1.0,
            13.0,
            0.5
          ],
          "texture": "#0"
        },
        "down": {
          "uv": [
            12.5,
            1.0,
            13.0,
            1.5
          ],
          "texture": "#0"
        }
      }
    },
    {
      "from": [
        1.5,
        2.0,
        12.5
      ],
      "to": [
        3.5,
        9.0,
        14.5
      ],
      "faces": {
        "north": {
          "uv": [
            10.0,
            5.0,
            10.5,
            6.75
          ],
          "texture": "#0"
        },
        "east": {
          "uv": [
            10.0,
            9.75,
            10.5,
            11.5
          ],
          "texture": "#0"
        },
        "south": {
          "uv": [
            9.5,
            9.75,
            10.0,
            11.5
          ],
          "texture": "#0"
        },
        "west": {
          "uv": [
            10.0,
            3.25,
            10.5,
            5.0
          ],
          "texture": "#0"
        },
        "up": {
          "uv": [
            12.5,
            0.5,
            13.0,
            1.0
          ],
          "texture": "#0"
        },
        "down": {
          "uv": [
            12.5,
            1.5,
            13.0,
            1.0
          ],
          "texture": "#0"
        }
      }
    },
    {
      "from": [
        12.5,
        2.0,
        12.5
      ],
      "to": [
        14.5,
        9.0,
        14.5
      ],
      "faces": {
        "north": {
          "uv": [
            10.5,
            5.0,
            10.0,
            6.75
          ],
          "texture": "#0"
        },
        "east": {
          "uv": [
            10.5,
            3.25,
            10.0,
            5.0
          ],
          "texture": "#0"
        },
        "south": {
          "uv": [
            10.0,
            9.75,
            9.5,
            11.5
          ],
          "texture": "#0"
        },
        "west": {
          "uv": [
            10.5,
            9.75,
            10.0,
            11.5
          ],
          "texture": "#0"
        },
        "up": {
          "uv": [
            13.0,
            0.5,
            12.5,
            1.0
          ],
          "texture": "#0"
        },
        "down": {
          "uv": [
            13.0,
            1.5,
            12.5,
            1.0
          ],
          "texture": "#0"
        }
      }
    },
    {
      "from": [
        12.0,
        0.0,
        1.0
      ],
      "to": [
        15.0,
        2.0,
        4.0
      ],
      "faces": {
        "north": {
          "uv": [
            6.25,
            12.25,
            7.0,
            12.75
          ],
          "texture": "#0"
        },
        "east": {
          "uv": [
            12.25,
            6.5,
            13.0,
            7.0
          ],
          "texture": "#0"
        },
        "south": {
          "uv": [
            12.25,
            7.0,
            13.0,
            7.5
          ],
          "texture": "#0"
        },
        "west": {
          "uv": [
            12.25,
            7.5,
            13.0,
            8.0
          ],
          "texture": "#0"
        },
        "up": {
          "uv": [
            12.25,
            2.25,
            11.5,
            1.5
          ],
          "texture": "#0"
        },
        "down": {
          "uv": [
            12.25,
            2.25,
            11.5,
            3.0
          ],
          "texture": "#0"
        }
      }
    },
    {
      "from": [
        1.0,
        0.0,
        1.0
      ],
      "to": [
        4.0,
        2.0,
        4.0
      ],
      "faces": {
        "north": {
          "uv": [
            7.0,
            12.25,
            6.25,
            12.75
          ],
          "texture": "#0"
        },
        "east": {
          "uv": [
            13.0,
            7.5,
            12.25,
            8.0
          ],
          "texture": "#0"
        },
        "south": {
          "uv": [
            13.0,
            7.0,
            12.25,
            7.5
          ],
          "texture": "#0"
        },
        "west": {
          "uv": [
            13.0,
            6.5,
            12.25,
            7.0
          ],
          "texture": "#0"
        },
        "up": {
          "uv": [
            11.5,
            2.25,
            12.25,
            1.5
          ],
          "texture": "#0"
        },
        "down": {
          "uv": [
            11.5,
            2.25,
            12.25,
            3.0
          ],
          "texture": "#0"
        }
      }
    },
    {
      "from": [
        1.0,
        0.0,
        12.0
      ],
      "to": [
        4.0,
        2.0,
        15.0
      ],
      "faces": {
        "north": {
          "uv": [
            12.25,
            7.0,
            13.0,
            7.5
          ],
          "texture": "#0"
        },
        "east": {
          "uv": [
            12.25,
            7.5,
            13.0,
            8.0
          ],
          "texture": "#0"
        },
        "south": {
          "uv": [
            6.25,
            12.25,
            7.0,
            12.75
          ],
          "texture": "#0"
        },
        "west": {
          "uv": [
            12.25,
            6.5,
            13.0,
            7.0
          ],
          "texture": "#0"
        },
        "up": {
          "uv": [
            11.5,
            1.5,
            12.25,
            2.25
          ],
          "texture": "#0"
        },
        "down": {
          "uv": [
            11.5,
            3.0,
            12.25,
            2.25
          ],
          "texture": "#0"
        }
      }
    },
    {
      "from": [
        12.0,
        0.0,
        12.0
      ],
      "to": [
        15.0,
        2.0,
        15.0
      ],
      "faces": {
        "north": {
          "uv": [
            13.0,
            7.0,
            12.25,
            7.5
          ],
          "texture": "#0"
        },
        "east": {
          "uv": [
            13.0,
            6.5,
            12.25,
            7.0
          ],
          "texture": "#0"
        },
        "south": {
          "uv": [
            7.0,
            12.25,
            6.25,
            12.75
          ],
          "texture": "#0"
        },
        "west": {
          "uv": [
            13.0,
            7.5,
            12.25,
            8.0
          ],
          "texture": "#0"
        },
        "up": {
          "uv": [
            12.25,
            1.5,
            11.5,
            2.25
          ],
          "texture": "#0"
        },
        "down": {
          "uv": [
            12.25,
            3.0,
            11.5,
            2.25
          ],
          "texture": "#0"
        }
      }
    }
  ],
  "textures": {
    "0": "furniture/chair"
  }
}