{
  "providers": [
    {
      "type": "bitmap",
      "file": "font/ascii.png",
      "ascent": -13,
      "chars": [
        "\u0000\u0000\u0000\u0000\u0000\u0000\u0000\u0000\u0000\u0000\u0000\u0000\u0000\u0000\u0000\u0000",
        "\u0000\u0000\u0000\u0000\u0000\u0000\u0000\u0000\u0000\u0000\u0000\u0000\u0000\u0000\u0000\u0000",
        " !\"#$%&'()*+,-./",
        "0123456789:;<=>?",
        "@ABCDEFGHIJKLMNO",
        "PQRSTUVWXYZ[\\]^_",
        "`abcdefghijklmno",
        "pqrstuvwxyz{|}~\u0000",
        "\u0000\u0000\u0000\u0000\u0000\u0000\u0000\u0000\u0000\u0000\u0000\u0000\u0000\u0000\u0000\u0000",
        "\u0000\u0000\u0000\u0000\u0000\u0000\u0000\u0000\u0000\u0000\u0000\u0000£\u0000\u0000ƒ",
        "\u0000\u0000\u0000\u0000\u0000\u0000ªº\u0000\u0000¬\u0000\u0000\u0000«»",
        "░▒▓│┤╡╢╖╕╣║╗╝╜╛┐",
        "└┴┬├─┼╞╟╚╔╩╦╠═╬╧",
        "╨╤╥╙╘╒╓╫╪┘┌█▄▌▐▀",
        "\u0000\u0000\u0000\u0000\u0000\u0000\u0000\u0000\u0000\u0000\u0000\u0000\u0000∅∈\u0000",
        "≡±≥≤⌠⌡÷≈°∙\u0000√ⁿ²■\u0000"
      ]
    },
    {
      "type": "reference",
      "id": "nexo:shift"
    }
  ]
}