{
  "providers": [
    {
      "type": "bitmap",
      "file": "required/ui/menu_items.png",
      "height": 256,
      "ascent": 37,
      "chars": [
        "ꐐ"
      ]
    },
    {
      "type": "bitmap",
      "file": "default/chat/credits.png",
      "height": 12,
      "ascent": 12,
      "chars": [
        "ꐘ"
      ]
    },
    {
      "type": "bitmap",
      "file": "default/chat/cclogo.png",
      "height": 24,
      "ascent": 24,
      "chars": [
        "⌲"
      ]
    },
    {
      "type": "bitmap",
      "file": "default/chat/menu_banner.png",
      "height": 240,
      "ascent": -20,
      "chars": [
        "⍶"
      ]
    },
    {
      "type": "bitmap",
      "file": "default/chat/cclogo.png",
      "height": 36,
      "ascent": 36,
      "chars": [
        "⟹"
      ]
    },
    {
      "type": "bitmap",
      "file": "default/chat/flashbang.png",
      "height": 560,
      "ascent": 360,
      "chars": [
        "⌨"
      ]
    },
    {
      "type": "bitmap",
      "file": "default/chat/bblogo.png",
      "height": 50,
      "ascent": 50,
      "chars": [
        "ↄ"
      ]
    },
    {
      "type": "bitmap",
      "file": "default/ranks/twitch.png",
      "height": 10,
      "ascent": 10,
      "chars": [
        "⟁"
      ]
    },
    {
      "type": "bitmap",
      "file": "default/ranks/ceo.png",
      "height": 10,
      "ascent": 10,
      "chars": [
        "⑰"
      ]
    },
    {
      "type": "bitmap",
      "file": "default/ranks/manager.png",
      "height": 10,
      "ascent": 10,
      "chars": [
        "⾣"
      ]
    },
    {
      "type": "bitmap",
      "file": "default/ranks/admin.png",
      "height": 10,
      "ascent": 10,
      "chars": [
        "⏚"
      ]
    },
    {
      "type": "bitmap",
      "file": "default/ranks/yt.png",
      "height": 10,
      "ascent": 10,
      "chars": [
        "┯"
      ]
    },
    {
      "type": "bitmap",
      "file": "default/ranks/dev.png",
      "height": 10,
      "ascent": 10,
      "chars": [
        "⾋"
      ]
    },
    {
      "type": "bitmap",
      "file": "default/ranks/design.png",
      "height": 10,
      "ascent": 10,
      "chars": [
        "⺆"
      ]
    },
    {
      "type": "bitmap",
      "file": "default/ranks/mod.png",
      "height": 10,
      "ascent": 10,
      "chars": [
        "⑻"
      ]
    },
    {
      "type": "bitmap",
      "file": "default/ranks/trial.png",
      "height": 10,
      "ascent": 10,
      "chars": [
        "▱"
      ]
    },
    {
      "type": "bitmap",
      "file": "default/ranks/netherite.png",
      "height": 10,
      "ascent": 10,
      "chars": [
        "ⓦ"
      ]
    },
    {
      "type": "bitmap",
      "file": "default/ranks/emerald.png",
      "height": 10,
      "ascent": 10,
      "chars": [
        "⾉"
      ]
    },
    {
      "type": "bitmap",
      "file": "default/ranks/diamond.png",
      "height": 10,
      "ascent": 10,
      "chars": [
        "⬼"
      ]
    },
    {
      "type": "bitmap",
      "file": "default/ranks/gold.png",
      "height": 10,
      "ascent": 10,
      "chars": [
        "⴯"
      ]
    },
    {
      "type": "bitmap",
      "file": "default/ranks/iron.png",
      "height": 10,
      "ascent": 10,
      "chars": [
        "⟆"
      ]
    },
    {
      "type": "bitmap",
      "file": "default/ranks/donor.png",
      "height": 10,
      "ascent": 10,
      "chars": [
        "⇕"
      ]
    },
    {
      "type": "bitmap",
      "file": "gui/menu.png",
      "height": 256,
      "ascent": 20,
      "chars": [
        "ꐶ"
      ]
    },
    {
      "type": "bitmap",
      "file": "required/exit_icon.png",
      "ascent": 8,
      "chars": [
        "ꐑ"
      ]
    },
    {
      "type": "reference",
      "id": "nexo:shift"
    }
  ]
}