{
  "display": {
    "gui": {
      "rotation": [
        30.0,
        225.0,
        0.0
      ]
    }
  },
  "elements": [
    {
      "from": [
        -2.0863247,
        -11.324799,
        6.0073023
      ],
      "to": [
        10.173676,
        27.3248,
        6.0073023
      ],
      "rotation": {
        "origin": [
          14.211079,
          9.045954,
          11.84322
        ],
        "axis": "y",
        "angle": 22.5
      },
      "faces": {
        "south": {
          "uv": [
            2.2575,
            0.0075,
            3.1175,
            2.9925
          ],
          "texture": "#0",
          "tintindex": 0
        },
        "north": {
          "uv": [
            3.1175,
            0.0075,
            2.2575,
            2.9925
          ],
          "texture": "#0",
          "tintindex": 0
        }
      }
    }
  ],
  "textures": {
    "0": "modelengine:entity/paladin_wings"
  }
}