{
  "display": {
    "gui": {
      "rotation": [
        30.0,
        225.0,
        0.0
      ]
    }
  },
  "elements": [
    {
      "from": [
        14.498823,
        6.219674,
        6.3896
      ],
      "to": [
        17.719624,
        12.661274,
        9.6104
      ],
      "faces": {
        "east": {
          "uv": [
            3.0075,
            6.6325,
            3.2425,
            7.1175
          ],
          "texture": "#0",
          "tintindex": 0
        },
        "south": {
          "uv": [
            3.3825,
            6.6325,
            3.6175,
            7.1175
          ],
          "texture": "#0",
          "tintindex": 0
        },
        "north": {
          "uv": [
            6.5075,
            5.5075,
            6.7425,
            5.9925
          ],
          "texture": "#0",
          "tintindex": 0
        },
        "west": {
          "uv": [
            3.7575,
            6.6325,
            3.9925,
            7.1175
          ],
          "texture": "#0",
          "tintindex": 0
        },
        "up": {
          "uv": [
            7.2425,
            4.7425,
            7.0075,
            4.5075
          ],
          "texture": "#0",
          "tintindex": 0
        },
        "down": {
          "uv": [
            7.2425,
            4.8825,
            7.0075,
            5.1175
          ],
          "texture": "#0",
          "tintindex": 0
        }
      }
    },
    {
      "from": [
        0.037302017,
        7.6144667,
        7.1948
      ],
      "to": [
        1.6477022,
        12.445667,
        8.8052
      ],
      "rotation": {
        "origin": [
          8.0,
          13.397392,
          11.85678
        ],
        "axis": "z",
        "angle": -45.0
      },
      "faces": {
        "east": {
          "uv": [
            7.2575,
            3.5075,
            7.3675,
            3.8675
          ],
          "texture": "#0",
          "tintindex": 0
        },
        "south": {
          "uv": [
            3.6325,
            7.2575,
            3.7425,
            7.6175
          ],
          "texture": "#0",
          "tintindex": 0
        },
        "north": {
          "uv": [
            3.3825,
            7.2575,
            3.4925,
            7.6175
          ],
          "texture": "#0",
          "tintindex": 0
        },
        "west": {
          "uv": [
            3.8825,
            7.2575,
            3.9925,
            7.6175
          ],
          "texture": "#0",
          "tintindex": 0
        },
        "up": {
          "uv": [
            6.9925,
            5.9925,
            6.8825,
            5.8825
          ],
          "texture": "#0",
          "tintindex": 0
        },
        "down": {
          "uv": [
            7.1175,
            5.2575,
            7.0075,
            5.3675
          ],
          "texture": "#0",
          "tintindex": 0
        }
      }
    },
    {
      "from": [
        14.352298,
        7.6144667,
        7.1948
      ],
      "to": [
        15.962698,
        12.445667,
        8.8052
      ],
      "rotation": {
        "origin": [
          8.0,
          13.397392,
          11.85678
        ],
        "axis": "z",
        "angle": 45.0
      },
      "faces": {
        "east": {
          "uv": [
            4.1325,
            7.2575,
            4.2425,
            7.6175
          ],
          "texture": "#0",
          "tintindex": 0
        },
        "south": {
          "uv": [
            4.3825,
            7.2575,
            4.4925,
            7.6175
          ],
          "texture": "#0",
          "tintindex": 0
        },
        "north": {
          "uv": [
            7.2575,
            4.0075,
            7.3675,
            4.3675
          ],
          "texture": "#0",
          "tintindex": 0
        },
        "west": {
          "uv": [
            4.6325,
            7.2575,
            4.7425,
            7.6175
          ],
          "texture": "#0",
          "tintindex": 0
        },
        "up": {
          "uv": [
            7.2425,
            5.9925,
            7.1325,
            5.8825
          ],
          "texture": "#0",
          "tintindex": 0
        },
        "down": {
          "uv": [
            4.9925,
            7.2575,
            4.8825,
            7.3675
          ],
          "texture": "#0",
          "tintindex": 0
        }
      }
    },
    {
      "from": [
        3.974,
        15.134098,
        6.3896
      ],
      "to": [
        12.026,
        18.354898,
        9.6104
      ],
      "faces": {
        "east": {
          "uv": [
            6.8825,
            3.7575,
            7.1175,
            3.9925
          ],
          "texture": "#0",
          "tintindex": 0
        },
        "south": {
          "uv": [
            3.7575,
            6.2575,
            4.3675,
            6.4925
          ],
          "texture": "#0",
          "tintindex": 0
        },
        "north": {
          "uv": [
            3.0075,
            6.2575,
            3.6175,
            6.4925
          ],
          "texture": "#0",
          "tintindex": 0
        },
        "west": {
          "uv": [
            6.8825,
            4.1325,
            7.1175,
            4.3675
          ],
          "texture": "#0",
          "tintindex": 0
        },
        "up": {
          "uv": [
            5.1175,
            6.4925,
            4.5075,
            6.2575
          ],
          "texture": "#0",
          "tintindex": 0
        },
        "down": {
          "uv": [
            5.8675,
            6.2575,
            5.2575,
            6.4925
          ],
          "texture": "#0",
          "tintindex": 0
        }
      }
    },
    {
      "from": [
        -0.45460033,
        -0.53176117,
        8.0
      ],
      "to": [
        16.454601,
        20.403439,
        8.0
      ],
      "faces": {
        "south": {
          "uv": [
            1.3125,
            6.2575,
            0.0075,
            7.8675
          ],
          "texture": "#0",
          "tintindex": 0
        },
        "north": {
          "uv": [
            0.0075,
            6.2575,
            1.3125,
            7.8675
          ],
          "texture": "#0",
          "tintindex": 0
        }
      }
    },
    {
      "from": [
        -2.5248241,
        7.8300743,
        5.5844
      ],
      "to": [
        0.69597626,
        11.050875,
        10.4156
      ],
      "faces": {
        "east": {
          "uv": [
            7.1175,
            6.5075,
            6.7575,
            6.7425
          ],
          "texture": "#0",
          "tintindex": 0
        },
        "south": {
          "uv": [
            7.3675,
            6.8825,
            7.1325,
            7.1175
          ],
          "texture": "#0",
          "tintindex": 0
        },
        "north": {
          "uv": [
            5.8675,
            7.1325,
            5.6325,
            7.3675
          ],
          "texture": "#0",
          "tintindex": 0
        },
        "west": {
          "uv": [
            7.1175,
            6.1325,
            6.7575,
            6.3675
          ],
          "texture": "#0",
          "tintindex": 0
        },
        "up": {
          "uv": [
            5.6325,
            6.9925,
            5.8675,
            6.6325
          ],
          "texture": "#0",
          "tintindex": 0
        },
        "down": {
          "uv": [
            6.8825,
            0.0075,
            7.1175,
            0.3675
          ],
          "texture": "#0",
          "tintindex": 0
        }
      }
    },
    {
      "from": [
        11.131498,
        6.0040665,
        6.40973
      ],
      "to": [
        14.352298,
        14.0560665,
        9.59027
      ],
      "rotation": {
        "origin": [
          8.0,
          13.397392,
          11.85678
        ],
        "axis": "z",
        "angle": 45.0
      },
      "faces": {
        "east": {
          "uv": [
            6.5075,
            2.2575,
            6.7425,
            2.8675
          ],
          "texture": "#0",
          "tintindex": 0
        },
        "south": {
          "uv": [
            6.5075,
            3.0075,
            6.7425,
            3.6175
          ],
          "texture": "#0",
          "tintindex": 0
        },
        "north": {
          "uv": [
            6.5075,
            1.5075,
            6.7425,
            2.1175
          ],
          "texture": "#0",
          "tintindex": 0
        },
        "west": {
          "uv": [
            6.5075,
            3.7575,
            6.7425,
            4.3675
          ],
          "texture": "#0",
          "tintindex": 0
        },
        "up": {
          "uv": [
            6.2425,
            7.2425,
            6.0075,
            7.0075
          ],
          "texture": "#0",
          "tintindex": 0
        },
        "down": {
          "uv": [
            6.6175,
            7.0075,
            6.3825,
            7.2425
          ],
          "texture": "#0",
          "tintindex": 0
        }
      }
    },
    {
      "from": [
        15.304024,
        7.8300743,
        5.5844
      ],
      "to": [
        18.524824,
        11.050875,
        10.4156
      ],
      "faces": {
        "east": {
          "uv": [
            6.7575,
            6.1325,
            7.1175,
            6.3675
          ],
          "texture": "#0",
          "tintindex": 0
        },
        "south": {
          "uv": [
            7.1325,
            6.8825,
            7.3675,
            7.1175
          ],
          "texture": "#0",
          "tintindex": 0
        },
        "north": {
          "uv": [
            5.6325,
            7.1325,
            5.8675,
            7.3675
          ],
          "texture": "#0",
          "tintindex": 0
        },
        "west": {
          "uv": [
            6.7575,
            6.5075,
            7.1175,
            6.7425
          ],
          "texture": "#0",
          "tintindex": 0
        },
        "up": {
          "uv": [
            5.8675,
            6.9925,
            5.6325,
            6.6325
          ],
          "texture": "#0",
          "tintindex": 0
        },
        "down": {
          "uv": [
            7.1175,
            0.0075,
            6.8825,
            0.3675
          ],
          "texture": "#0",
          "tintindex": 0
        }
      }
    },
    {
      "from": [
        1.6477022,
        6.0040665,
        6.40973
      ],
      "to": [
        4.868502,
        14.0560665,
        9.59027
      ],
      "rotation": {
        "origin": [
          8.0,
          13.397392,
          11.85678
        ],
        "axis": "z",
        "angle": -45.0
      },
      "faces": {
        "east": {
          "uv": [
            6.3825,
            6.2575,
            6.6175,
            6.8675
          ],
          "texture": "#0",
          "tintindex": 0
        },
        "south": {
          "uv": [
            6.5075,
            0.0075,
            6.7425,
            0.6175
          ],
          "texture": "#0",
          "tintindex": 0
        },
        "north": {
          "uv": [
            6.0075,
            6.2575,
            6.2425,
            6.8675
          ],
          "texture": "#0",
          "tintindex": 0
        },
        "west": {
          "uv": [
            6.5075,
            0.7575,
            6.7425,
            1.3675
          ],
          "texture": "#0",
          "tintindex": 0
        },
        "up": {
          "uv": [
            7.1175,
            5.7425,
            6.8825,
            5.5075
          ],
          "texture": "#0",
          "tintindex": 0
        },
        "down": {
          "uv": [
            6.9925,
            6.8825,
            6.7575,
            7.1175
          ],
          "texture": "#0",
          "tintindex": 0
        }
      }
    },
    {
      "from": [
        5.5844,
        16.053745,
        5.5844
      ],
      "to": [
        10.4156,
        19.274546,
        10.4156
      ],
      "faces": {
        "east": {
          "uv": [
            6.8825,
            0.8825,
            7.2425,
            1.1175
          ],
          "texture": "#0",
          "tintindex": 0
        },
        "south": {
          "uv": [
            6.8825,
            1.2575,
            7.2425,
            1.4925
          ],
          "texture": "#0",
          "tintindex": 0
        },
        "north": {
          "uv": [
            6.8825,
            0.5075,
            7.2425,
            0.7425
          ],
          "texture": "#0",
          "tintindex": 0
        },
        "west": {
          "uv": [
            6.8825,
            1.6325,
            7.2425,
            1.8675
          ],
          "texture": "#0",
          "tintindex": 0
        },
        "up": {
          "uv": [
            6.8675,
            4.8675,
            6.5075,
            4.5075
          ],
          "texture": "#0",
          "tintindex": 0
        },
        "down": {
          "uv": [
            6.8675,
            5.0075,
            6.5075,
            5.3675
          ],
          "texture": "#0",
          "tintindex": 0
        }
      }
    },
    {
      "from": [
        -1.7196236,
        6.219674,
        6.3896
      ],
      "to": [
        1.5011764,
        12.661274,
        9.6104
      ],
      "faces": {
        "east": {
          "uv": [
            4.5075,
            6.6325,
            4.7425,
            7.1175
          ],
          "texture": "#0",
          "tintindex": 0
        },
        "south": {
          "uv": [
            4.8825,
            6.6325,
            5.1175,
            7.1175
          ],
          "texture": "#0",
          "tintindex": 0
        },
        "north": {
          "uv": [
            4.1325,
            6.6325,
            4.3675,
            7.1175
          ],
          "texture": "#0",
          "tintindex": 0
        },
        "west": {
          "uv": [
            5.2575,
            6.6325,
            5.4925,
            7.1175
          ],
          "texture": "#0",
          "tintindex": 0
        },
        "up": {
          "uv": [
            7.4925,
            0.2425,
            7.2575,
            0.0075
          ],
          "texture": "#0",
          "tintindex": 0
        },
        "down": {
          "uv": [
            7.4925,
            2.7575,
            7.2575,
            2.9925
          ],
          "texture": "#0",
          "tintindex": 0
        }
      }
    }
  ],
  "textures": {
    "0": "modelengine:entity/paladin_wings"
  }
}