{
  "display": {
    "gui": {
      "rotation": [
        30.0,
        225.0,
        0.0
      ]
    }
  },
  "elements": [
    {
      "from": [
        7.4731846,
        -1.6623993,
        4.672116
      ],
      "to": [
        21.603184,
        17.6624,
        4.672116
      ],
      "rotation": {
        "origin": [
          -0.63301754,
          8.522977,
          7.5900745
        ],
        "axis": "y",
        "angle": -22.5
      },
      "faces": {
        "south": {
          "uv": [
            2.2425,
            0.0075,
            0.0,
            2.9925
          ],
          "texture": "#0",
          "tintindex": 0
        },
        "north": {
          "uv": [
            0.0,
            0.0075,
            2.2425,
            2.9925
          ],
          "texture": "#0",
          "tintindex": 0
        }
      }
    }
  ],
  "textures": {
    "0": "modelengine:entity/paladin_wings"
  }
}