{
  "parent": "item/generated",
  "textures": {
    "layer0": "item/chainmail_boots"
  },
  "overrides": [
    {
      "predicate": {
        "trim_type": 0.1
      },
      "model": "item/chainmail_boots_quartz_trim"
    },
    {
      "predicate": {
        "trim_type": 0.2
      },
      "model": "item/chainmail_boots_iron_trim"
    },
    {
      "predicate": {
        "trim_type": 0.3
      },
      "model": "item/chainmail_boots_netherite_trim"
    },
    {
      "predicate": {
        "trim_type": 0.4
      },
      "model": "item/chainmail_boots_redstone_trim"
    },
    {
      "predicate": {
        "trim_type": 0.5
      },
      "model": "item/chainmail_boots_copper_trim"
    },
    {
      "predicate": {
        "trim_type": 0.6
      },
      "model": "item/chainmail_boots_gold_trim"
    },
    {
      "predicate": {
        "trim_type": 0.7
      },
      "model": "item/chainmail_boots_emerald_trim"
    },
    {
      "predicate": {
        "trim_type": 0.8
      },
      "model": "item/chainmail_boots_diamond_trim"
    },
    {
      "predicate": {
        "trim_type": 0.9
      },
      "model": "item/chainmail_boots_lapis_trim"
    },
    {
      "predicate": {
        "trim_type": 1.0
      },
      "model": "item/chainmail_boots_amethyst_trim"
    },
    {
      "predicate": {
        "custom_model_data": 1000
      },
      "model": "thedarkreaper_boots"
    },
    {
      "predicate": {
        "custom_model_data": 1005
      },
      "model": "forest_boots"
    }
  ]
}