{
  "parent": "item/generated",
  "textures": {
    "layer0": "item/leather_horse_armor"
  },
  "overrides": [
    {
      "predicate": {
        "custom_model_data": 3
      },
      "model": "modelengine:deathmodel/head"
    },
    {
      "predicate": {
        "custom_model_data": 4
      },
      "model": "modelengine:deathmodel/body"
    },
    {
      "predicate": {
        "custom_model_data": 5
      },
      "model": "modelengine:deathmodel/leftleg"
    },
    {
      "predicate": {
        "custom_model_data": 9
      },
      "model": "modelengine:deathmodel/rightleg"
    },
    {
      "predicate": {
        "custom_model_data": 13
      },
      "model": "modelengine:deathmodel/leftarm"
    },
    {
      "predicate": {
        "custom_model_data": 15
      },
      "model": "modelengine:deathmodel/rightarm"
    }
  ]
}