{
  "parent": "item/generated",
  "textures": {
    "layer0": "item/paper"
  },
  "overrides": [
    {
      "predicate": {
        "custom_model_data": 100
      },
      "model": "slot_transparent"
    },
    {
      "predicate": {
        "custom_model_data": 1000
      },
      "model": "nexo:item/nexo_armor/forest_helmet"
    },
    {
      "predicate": {
        "custom_model_data": 1003
      },
      "model": "nexo:item/nexo_furniture/arm_chair"
    },
    {
      "predicate": {
        "custom_model_data": 1004
      },
      "model": "nexo:item/nexo_furniture/coffee_table"
    },
    {
      "predicate": {
        "custom_model_data": 1005
      },
      "model": "nexo:item/nexo_furniture/end_table"
    },
    {
      "predicate": {
        "custom_model_data": 1006
      },
      "model": "nexo:item/nexo_furniture/sofa"
    },
    {
      "predicate": {
        "custom_model_data": 1007
      },
      "model": "nexo:item/nexo_furniture/storage_chest"
    },
    {
      "predicate": {
        "custom_model_data": 1008
      },
      "model": "nexo:item/nexo_furniture/table_lamp"
    },
    {
      "predicate": {
        "custom_model_data": 1009
      },
      "model": "next_page_icon"
    },
    {
      "predicate": {
        "custom_model_data": 1010
      },
      "model": "previous_page_icon"
    },
    {
      "predicate": {
        "custom_model_data": 1011
      },
      "model": "cancel_icon"
    },
    {
      "predicate": {
        "custom_model_data": 1013
      },
      "model": "arrow_next_icon"
    },
    {
      "predicate": {
        "custom_model_data": 1014
      },
      "model": "arrow_previous_icon"
    },
    {
      "predicate": {
        "custom_model_data": 1015
      },
      "model": "exit_icon"
    },
    {
      "predicate": {
        "custom_model_data": 1025
      },
      "model": "items/fryingpan"
    },
    {
      "predicate": {
        "custom_model_data": 1026
      },
      "model": "items/sausageroll"
    },
    {
      "predicate": {
        "custom_model_data": 6969
      },
      "model": "blocks/tobypickle"
    },
    {
      "predicate": {
        "custom_model_data": 8549
      },
      "model": "cosmetics/hat"
    },
    {
      "predicate": {
        "custom_model_data": 9564
      },
      "model": "cosmetics/cap-green"
    },
    {
      "predicate": {
        "custom_model_data": 65120
      },
      "model": "cosmetics/top-hat"
    },
    {
      "predicate": {
        "custom_model_data": 65440
      },
      "model": "cosmetics/ceo-hat"
    },
    {
      "predicate": {
        "custom_model_data": 75431
      },
      "model": "cosmetics/heli-hat"
    },
    {
      "predicate": {
        "custom_model_data": 85500
      },
      "model": "cosmetics/cape"
    }
  ]
}