{
  "display": {
    "thirdperson_righthand": {
      "scale": [
        0.1,
        0.1,
        0.11
      ]
    },
    "firstperson_righthand": {
      "scale": [
        0.1,
        0.1,
        0.1
      ]
    },
    "head": {
      "translation": [
        0.0,
        16.25,
        0.0
      ],
      "scale": [
        1.3,
        1.3,
        1.3
      ]
    }
  },
  "elements": [
    {
      "from": [
        3.0,
        0.0,
        3.0
      ],
      "to": [
        13.0,
        1.0,
        13.0
      ],
      "rotation": {
        "origin": [
          4.0,
          0.0,
          4.0
        ],
        "axis": "y",
        "angle": 0.0
      },
      "faces": {
        "north": {
          "uv": [
            0.0,
            0.0,
            2.5,
            0.25
          ],
          "texture": "#0"
        },
        "east": {
          "uv": [
            0.0,
            0.0,
            2.5,
            0.25
          ],
          "texture": "#0"
        },
        "south": {
          "uv": [
            0.0,
            0.0,
            2.5,
            0.25
          ],
          "texture": "#0"
        },
        "west": {
          "uv": [
            0.0,
            0.0,
            2.5,
            0.25
          ],
          "texture": "#0"
        },
        "up": {
          "uv": [
            0.0,
            0.0,
            2.5,
            2.5
          ],
          "texture": "#0"
        },
        "down": {
          "uv": [
            0.0,
            0.0,
            2.5,
            2.5
          ],
          "texture": "#0"
        }
      }
    },
    {
      "from": [
        4.0,
        1.0,
        4.0
      ],
      "to": [
        12.0,
        22.0,
        12.0
      ],
      "rotation": {
        "origin": [
          4.0,
          1.0,
          4.0
        ],
        "axis": "y",
        "angle": 0.0
      },
      "faces": {
        "north": {
          "uv": [
            4.0,
            0.0,
            6.0,
            5.25
          ],
          "texture": "#0"
        },
        "east": {
          "uv": [
            4.0,
            0.0,
            6.0,
            5.25
          ],
          "texture": "#0"
        },
        "south": {
          "uv": [
            4.0,
            0.0,
            6.0,
            5.25
          ],
          "texture": "#0"
        },
        "west": {
          "uv": [
            4.0,
            0.0,
            6.0,
            5.25
          ],
          "texture": "#0"
        },
        "up": {
          "uv": [
            4.0,
            7.25,
            2.0,
            5.25
          ],
          "texture": "#0"
        },
        "down": {
          "uv": [
            6.0,
            5.25,
            4.0,
            7.25
          ],
          "texture": "#0"
        }
      }
    }
  ],
  "textures": {
    "particle": "cosmetics/cape",
    "0": "cosmetics/cape"
  }
}