{
  "display": {
    "thirdperson_righthand": {
      "translation": [
        0.0,
        2.0,
        1.75
      ],
      "scale": [
        0.2,
        0.2,
        0.2
      ]
    },
    "thirdperson_lefthand": {
      "translation": [
        0.0,
        1.75,
        1.25
      ],
      "scale": [
        0.2,
        0.2,
        0.2
      ]
    },
    "firstperson_righthand": {
      "rotation": [
        0.0,
        126.0,
        0.0
      ],
      "translation": [
        2.25,
        2.5,
        0.0
      ],
      "scale": [
        0.2,
        0.2,
        0.2
      ]
    },
    "firstperson_lefthand": {
      "rotation": [
        0.0,
        126.0,
        0.0
      ],
      "translation": [
        1.5,
        3.25,
        0.25
      ],
      "scale": [
        0.2,
        0.2,
        0.2
      ]
    },
    "ground": {
      "scale": [
        0.3,
        0.3,
        0.3
      ]
    },
    "gui": {
      "rotation": [
        32.0,
        133.0,
        0.0
      ],
      "translation": [
        0.75,
        0.0,
        0.0
      ],
      "scale": [
        0.4,
        0.4,
        0.4
      ]
    },
    "head": {
      "translation": [
        0.0,
        10.75,
        0.0
      ],
      "scale": [
        0.9,
        0.9,
        0.9
      ]
    },
    "fixed": {
      "scale": [
        0.3,
        0.3,
        0.3
      ]
    }
  },
  "elements": [
    {
      "from": [
        0.0,
        0.0,
        0.0
      ],
      "to": [
        16.0,
        9.0,
        16.0
      ],
      "faces": {
        "north": {
          "uv": [
            0.0,
            0.0,
            16.0,
            9.0
          ],
          "texture": "#1"
        },
        "east": {
          "uv": [
            0.0,
            16.0,
            7.0,
            9.0
          ],
          "texture": "#1"
        },
        "south": {
          "uv": [
            10.0,
            11.0,
            16.0,
            13.0
          ],
          "texture": "#1"
        },
        "west": {
          "uv": [
            7.0,
            16.0,
            0.0,
            9.0
          ],
          "texture": "#1"
        },
        "up": {
          "uv": [
            9.0,
            9.0,
            16.0,
            16.0
          ],
          "texture": "#1"
        },
        "down": {
          "uv": [
            4.0,
            0.0,
            5.0,
            1.0
          ],
          "texture": "#1"
        }
      }
    },
    {
      "from": [
        0.0,
        0.0,
        -11.0
      ],
      "to": [
        16.0,
        2.0,
        0.0
      ],
      "faces": {
        "north": {
          "uv": [
            0.25,
            0.25,
            0.75,
            0.75
          ],
          "texture": "#1"
        },
        "east": {
          "uv": [
            1.25,
            0.25,
            1.75,
            0.75
          ],
          "texture": "#1"
        },
        "south": {
          "uv": [
            2.25,
            0.25,
            2.75,
            0.75
          ],
          "texture": "#1"
        },
        "west": {
          "uv": [
            3.25,
            0.25,
            3.75,
            0.75
          ],
          "texture": "#1"
        },
        "up": {
          "uv": [
            12.5,
            16.0,
            14.0,
            13.0
          ],
          "texture": "#1"
        },
        "down": {
          "uv": [
            5.25,
            0.25,
            5.75,
            0.75
          ],
          "texture": "#1"
        }
      }
    }
  ],
  "textures": {
    "particle": "cosmetics/ceo-hat",
    "1": "cosmetics/ceo-hat"
  }
}