{
  "display": {
    "thirdperson_righthand": {
      "translation": [
        0.0,
        1.5,
        1.5
      ],
      "scale": [
        0.2,
        0.2,
        0.2
      ]
    },
    "thirdperson_lefthand": {
      "translation": [
        0.0,
        1.75,
        2.0
      ],
      "scale": [
        0.2,
        0.2,
        0.2
      ]
    },
    "firstperson_righthand": {
      "translation": [
        1.0,
        2.75,
        1.5
      ],
      "scale": [
        0.2,
        0.2,
        0.2
      ]
    },
    "firstperson_lefthand": {
      "translation": [
        -1.5,
        4.25,
        2.75
      ],
      "scale": [
        0.2,
        0.2,
        0.2
      ]
    },
    "ground": {
      "scale": [
        0.2,
        0.2,
        0.2
      ]
    },
    "gui": {
      "scale": [
        0.5,
        0.5,
        0.5
      ]
    },
    "head": {
      "translation": [
        0.0,
        13.5,
        0.0
      ]
    },
    "fixed": {
      "rotation": [
        -89.0,
        0.0,
        0.0
      ],
      "translation": [
        0.0,
        0.0,
        -7.75
      ]
    }
  },
  "elements": [
    {
      "from": [
        0.0,
        0.0,
        0.0
      ],
      "to": [
        16.0,
        4.0,
        16.0
      ],
      "rotation": {
        "origin": [
          7.0,
          0.0,
          6.0
        ],
        "axis": "y",
        "angle": 0.0
      },
      "faces": {
        "north": {
          "uv": [
            0.0,
            0.0,
            8.0,
            2.0
          ],
          "texture": "#0"
        },
        "east": {
          "uv": [
            0.0,
            0.0,
            8.0,
            2.0
          ],
          "texture": "#0"
        },
        "south": {
          "uv": [
            0.0,
            0.0,
            8.0,
            2.0
          ],
          "texture": "#0"
        },
        "west": {
          "uv": [
            0.0,
            0.0,
            8.0,
            2.0
          ],
          "texture": "#0"
        },
        "up": {
          "uv": [
            0.0,
            0.0,
            8.0,
            8.0
          ],
          "texture": "#0"
        },
        "down": {
          "uv": [
            0.0,
            8.0,
            8.0,
            16.0
          ],
          "texture": "#0"
        }
      }
    },
    {
      "from": [
        2.0,
        1.0,
        2.0
      ],
      "to": [
        14.0,
        17.0,
        14.0
      ],
      "rotation": {
        "origin": [
          5.0,
          5.0,
          8.0
        ],
        "axis": "y",
        "angle": 0.0
      },
      "faces": {
        "north": {
          "uv": [
            10.0,
            0.0,
            16.0,
            8.0
          ],
          "texture": "#0"
        },
        "east": {
          "uv": [
            10.0,
            0.0,
            16.0,
            8.0
          ],
          "texture": "#0"
        },
        "south": {
          "uv": [
            10.0,
            0.0,
            16.0,
            8.0
          ],
          "texture": "#0"
        },
        "west": {
          "uv": [
            10.0,
            0.0,
            16.0,
            8.0
          ],
          "texture": "#0"
        },
        "up": {
          "uv": [
            10.0,
            10.0,
            16.0,
            16.0
          ],
          "texture": "#0"
        },
        "down": {
          "uv": [
            0.0,
            0.0,
            6.0,
            6.0
          ],
          "texture": "#0"
        }
      }
    }
  ],
  "textures": {
    "particle": "cosmetics/hat",
    "0": "cosmetics/hat"
  }
}