{
  "display": {
    "thirdperson_righthand": {
      "translation": [
        0.0,
        1.75,
        1.0
      ],
      "scale": [
        0.2,
        0.2,
        0.2
      ]
    },
    "thirdperson_lefthand": {
      "translation": [
        0.0,
        1.75,
        1.0
      ],
      "scale": [
        0.2,
        0.2,
        0.2
      ]
    },
    "firstperson_righthand": {
      "translation": [
        0.0,
        1.75,
        1.0
      ],
      "scale": [
        0.2,
        0.2,
        0.2
      ]
    },
    "firstperson_lefthand": {
      "translation": [
        0.0,
        1.75,
        1.0
      ],
      "scale": [
        0.2,
        0.2,
        0.2
      ]
    },
    "ground": {
      "translation": [
        0.0,
        1.75,
        0.0
      ],
      "scale": [
        0.2,
        0.2,
        0.2
      ]
    },
    "head": {
      "translation": [
        0.0,
        12.0,
        0.0
      ]
    },
    "fixed": {
      "translation": [
        0.0,
        0.25,
        1.0
      ],
      "scale": [
        0.5,
        0.5,
        0.5
      ]
    }
  },
  "elements": [
    {
      "from": [
        1.0,
        0.0,
        1.0
      ],
      "to": [
        15.0,
        6.0,
        15.0
      ],
      "faces": {
        "north": {
          "uv": [
            6.25,
            0.25,
            6.75,
            0.75
          ],
          "texture": "#0"
        },
        "east": {
          "uv": [
            7.25,
            0.25,
            7.75,
            0.75
          ],
          "texture": "#0"
        },
        "south": {
          "uv": [
            8.25,
            0.25,
            8.75,
            0.75
          ],
          "texture": "#0"
        },
        "west": {
          "uv": [
            9.25,
            0.25,
            9.75,
            0.75
          ],
          "texture": "#0"
        },
        "up": {
          "uv": [
            10.25,
            0.25,
            10.75,
            0.75
          ],
          "texture": "#0"
        },
        "down": {
          "uv": [
            11.25,
            0.25,
            11.75,
            0.75
          ],
          "texture": "#0"
        }
      }
    },
    {
      "from": [
        0.0,
        0.0,
        1.0
      ],
      "to": [
        16.0,
        2.0,
        15.0
      ],
      "faces": {
        "north": {
          "uv": [
            12.25,
            0.25,
            12.75,
            0.75
          ],
          "texture": "#0"
        },
        "east": {
          "uv": [
            13.25,
            0.25,
            13.75,
            0.75
          ],
          "texture": "#0"
        },
        "south": {
          "uv": [
            14.25,
            0.25,
            14.75,
            0.75
          ],
          "texture": "#0"
        },
        "west": {
          "uv": [
            15.25,
            0.25,
            15.75,
            0.75
          ],
          "texture": "#0"
        },
        "up": {
          "uv": [
            0.25,
            1.25,
            0.75,
            1.75
          ],
          "texture": "#0"
        },
        "down": {
          "uv": [
            1.25,
            1.25,
            1.75,
            1.75
          ],
          "texture": "#0"
        }
      }
    },
    {
      "from": [
        1.0,
        0.0,
        0.0
      ],
      "to": [
        15.0,
        2.0,
        16.0
      ],
      "faces": {
        "north": {
          "uv": [
            2.25,
            1.25,
            2.75,
            1.75
          ],
          "texture": "#0"
        },
        "east": {
          "uv": [
            3.25,
            1.25,
            3.75,
            1.75
          ],
          "texture": "#0"
        },
        "south": {
          "uv": [
            4.25,
            1.25,
            4.75,
            1.75
          ],
          "texture": "#0"
        },
        "west": {
          "uv": [
            5.25,
            1.25,
            5.75,
            1.75
          ],
          "texture": "#0"
        },
        "up": {
          "uv": [
            6.25,
            1.25,
            6.75,
            1.75
          ],
          "texture": "#0"
        },
        "down": {
          "uv": [
            7.25,
            1.25,
            7.75,
            1.75
          ],
          "texture": "#0"
        }
      }
    },
    {
      "from": [
        6.0,
        6.0,
        6.0
      ],
      "to": [
        10.0,
        13.0,
        10.0
      ],
      "rotation": {
        "origin": [
          6.0,
          7.0,
          7.0
        ],
        "axis": "y",
        "angle": 0.0
      },
      "faces": {
        "north": {
          "uv": [
            0.0,
            12.5,
            3.5,
            16.0
          ],
          "texture": "#0"
        },
        "east": {
          "uv": [
            0.0,
            12.5,
            3.5,
            16.0
          ],
          "texture": "#0"
        },
        "south": {
          "uv": [
            0.0,
            12.5,
            3.5,
            16.0
          ],
          "texture": "#0"
        },
        "west": {
          "uv": [
            0.0,
            12.5,
            3.5,
            16.0
          ],
          "texture": "#0"
        },
        "up": {
          "uv": [
            3.25,
            12.25,
            3.75,
            12.75
          ],
          "texture": "#0"
        },
        "down": {
          "uv": [
            13.25,
            1.25,
            13.75,
            1.75
          ],
          "texture": "#0"
        }
      }
    },
    {
      "from": [
        -8.0,
        13.0,
        -7.0
      ],
      "to": [
        24.0,
        13.0,
        23.0
      ],
      "rotation": {
        "origin": [
          8.0,
          11.0,
          8.0
        ],
        "axis": "y",
        "angle": 0.0
      },
      "faces": {
        "north": {
          "uv": [
            0.25,
            7.25,
            0.75,
            3.75
          ],
          "texture": "#0"
        },
        "east": {
          "uv": [
            1.25,
            3.25,
            1.75,
            3.75
          ],
          "texture": "#0"
        },
        "south": {
          "uv": [
            3.25,
            5.25,
            3.75,
            5.75
          ],
          "texture": "#0"
        },
        "west": {
          "uv": [
            4.25,
            6.25,
            4.75,
            6.75
          ],
          "texture": "#0"
        },
        "up": {
          "uv": [
            6.0,
            6.0,
            16.0,
            16.0
          ],
          "texture": "#0"
        },
        "down": {
          "uv": [
            6.0,
            6.0,
            16.0,
            16.0
          ],
          "texture": "#0"
        }
      }
    }
  ],
  "textures": {
    "particle": "cosmetics/heli-hat",
    "0": "cosmetics/heli-hat"
  }
}