{
  "display": {
    "thirdperson_righthand": {
      "translation": [
        0.0,
        2.25,
        1.25
      ],
      "scale": [
        0.4,
        0.4,
        0.4
      ]
    },
    "thirdperson_lefthand": {
      "translation": [
        0.0,
        3.0,
        1.75
      ],
      "scale": [
        0.4,
        0.4,
        0.4
      ]
    },
    "firstperson_righthand": {
      "translation": [
        2.5,
        2.0,
        0.0
      ],
      "scale": [
        0.4,
        0.4,
        0.4
      ]
    },
    "firstperson_lefthand": {
      "translation": [
        0.25,
        1.25,
        0.75
      ],
      "scale": [
        0.4,
        0.4,
        0.4
      ]
    },
    "ground": {
      "translation": [
        0.0,
        1.75,
        0.0
      ],
      "scale": [
        0.4,
        0.4,
        0.4
      ]
    },
    "gui": {
      "rotation": [
        0.0,
        180.0,
        0.0
      ],
      "scale": [
        0.5,
        0.5,
        0.5
      ]
    },
    "head": {
      "translation": [
        0.0,
        12.0,
        0.0
      ]
    },
    "fixed": {
      "scale": [
        0.4,
        0.4,
        0.4
      ]
    }
  },
  "elements": [
    {
      "from": [
        0.0,
        0.0,
        0.0
      ],
      "to": [
        16.0,
        3.0,
        16.0
      ],
      "faces": {
        "north": {
          "uv": [
            0.25,
            0.25,
            0.75,
            0.75
          ],
          "texture": "#0"
        },
        "east": {
          "uv": [
            1.25,
            0.25,
            1.75,
            0.75
          ],
          "texture": "#0"
        },
        "south": {
          "uv": [
            2.25,
            0.25,
            2.75,
            0.75
          ],
          "texture": "#0"
        },
        "west": {
          "uv": [
            3.25,
            0.25,
            3.75,
            0.75
          ],
          "texture": "#0"
        },
        "up": {
          "uv": [
            4.25,
            0.25,
            4.75,
            0.75
          ],
          "texture": "#0"
        },
        "down": {
          "uv": [
            5.25,
            0.25,
            5.75,
            0.75
          ],
          "texture": "#0"
        }
      }
    },
    {
      "from": [
        2.0,
        3.0,
        2.0
      ],
      "to": [
        14.0,
        15.0,
        14.0
      ],
      "faces": {
        "north": {
          "uv": [
            6.0,
            8.0,
            16.0,
            16.0
          ],
          "texture": "#0"
        },
        "east": {
          "uv": [
            6.0,
            0.0,
            16.0,
            8.0
          ],
          "texture": "#0"
        },
        "south": {
          "uv": [
            6.0,
            0.0,
            16.0,
            8.0
          ],
          "texture": "#0"
        },
        "west": {
          "uv": [
            6.0,
            0.0,
            16.0,
            8.0
          ],
          "texture": "#0"
        },
        "up": {
          "uv": [
            10.25,
            0.25,
            10.75,
            0.75
          ],
          "texture": "#0"
        },
        "down": {
          "uv": [
            11.25,
            0.25,
            11.75,
            0.75
          ],
          "texture": "#0"
        }
      }
    }
  ],
  "textures": {
    "particle": "cosmetics/top-hat",
    "0": "cosmetics/top-hat"
  }
}