{
  "display": {
    "gui": {
      "rotation": [
        30.0,
        225.0,
        0.0
      ]
    }
  },
  "elements": [
    {
      "from": [
        5.0,
        -3.0,
        6.0
      ],
      "to": [
        9.0,
        9.0,
        10.0
      ],
      "faces": {
        "east": {
          "uv": [
            10.0,
            5.0,
            11.0,
            8.0
          ],
          "texture": "#0",
          "tintindex": 0
        },
        "south": {
          "uv": [
            13.0,
            5.0,
            14.0,
            8.0
          ],
          "texture": "#0",
          "tintindex": 0
        },
        "north": {
          "uv": [
            11.0,
            5.0,
            12.0,
            8.0
          ],
          "texture": "#0",
          "tintindex": 0
        },
        "west": {
          "uv": [
            8.0,
            13.0,
            9.0,
            16.0
          ],
          "texture": "#0",
          "tintindex": 0
        },
        "up": {
          "uv": [
            11.0,
            4.0,
            12.0,
            5.0
          ],
          "texture": "#0",
          "tintindex": 0
        },
        "down": {
          "uv": [
            10.0,
            12.0,
            11.0,
            13.0
          ],
          "texture": "#0",
          "tintindex": 0
        }
      }
    }
  ],
  "textures": {
    "0": "modelengine:entity/63455d7069b397c2"
  }
}