{
  "display": {
    "gui": {
      "rotation": [
        30.0,
        225.0,
        0.0
      ]
    }
  },
  "elements": [
    {
      "from": [
        6.0,
        -1.0,
        7.0
      ],
      "to": [
        10.0,
        10.0,
        11.0
      ],
      "faces": {
        "east": {
          "uv": [
            0.0,
            5.25,
            1.0,
            8.0
          ],
          "texture": "#0",
          "tintindex": 0
        },
        "south": {
          "uv": [
            3.0,
            5.25,
            4.0,
            8.0
          ],
          "texture": "#0",
          "tintindex": 0
        },
        "north": {
          "uv": [
            1.0,
            5.25,
            2.0,
            8.0
          ],
          "texture": "#0",
          "tintindex": 0
        },
        "west": {
          "uv": [
            2.0,
            5.25,
            3.0,
            8.0
          ],
          "texture": "#0",
          "tintindex": 0
        },
        "up": {
          "uv": [
            1.0,
            4.0,
            2.0,
            5.0
          ],
          "texture": "#0",
          "tintindex": 0
        },
        "down": {
          "uv": [
            2.0,
            4.0,
            3.0,
            5.0
          ],
          "texture": "#0",
          "tintindex": 0
        }
      }
    }
  ],
  "textures": {
    "0": "modelengine:entity/63455d7069b397c2"
  }
}