{
  "display": {
    "thirdperson_righthand": {
      "rotation": [
        -10.0,
        0.0,
        0.0
      ],
      "translation": [
        0.0,
        0.0,
        0.25
      ],
      "scale": [
        0.23,
        0.22,
        0.27
      ]
    },
    "thirdperson_lefthand": {
      "translation": [
        0.0,
        27.5,
        0.0
      ]
    },
    "firstperson_righthand": {
      "rotation": [
        47.0,
        0.0,
        49.0
      ],
      "translation": [
        1.75,
        4.0,
        0.0
      ],
      "scale": [
        0.53,
        0.47,
        0.5
      ]
    },
    "firstperson_lefthand": {
      "rotation": [
        92.0,
        0.0,
        0.0
      ],
      "translation": [
        -7.5,
        7.0,
        0.0
      ],
      "scale": [
        1.45,
        0.0,
        0.91
      ]
    },
    "ground": {
      "scale": [
        0.62,
        0.6,
        0.57
      ]
    },
    "gui": {
      "rotation": [
        90.0,
        0.0,
        0.0
      ]
    },
    "head": {
      "translation": [
        0.0,
        9.5,
        0.0
      ],
      "scale": [
        0.46,
        0.47,
        0.47
      ]
    },
    "fixed": {
      "rotation": [
        90.0,
        0.0,
        180.0
      ],
      "translation": [
        1.0,
        0.25,
        -9.75
      ],
      "scale": [
        1.7,
        1.7,
        1.7
      ]
    }
  },
  "elements": [
    {
      "from": [
        12.0,
        0.0,
        0.0
      ],
      "to": [
        16.0,
        10.0,
        4.0
      ],
      "rotation": {
        "origin": [
          12.0,
          0.0,
          0.0
        ],
        "axis": "y",
        "angle": 0.0
      },
      "faces": {
        "north": {
          "uv": [
            4.0,
            13.0,
            6.0,
            16.0
          ],
          "texture": "#0"
        },
        "east": {
          "uv": [
            1.25,
            4.75,
            2.75,
            8.0
          ],
          "texture": "#0"
        },
        "south": {
          "uv": [
            6.25,
            13.5,
            8.0,
            16.0
          ],
          "texture": "#0"
        },
        "west": {
          "uv": [
            4.0,
            13.25,
            5.75,
            16.0
          ],
          "texture": "#0"
        },
        "up": {
          "uv": [
            2.0,
            2.25,
            4.0,
            4.0
          ],
          "texture": "#0"
        },
        "down": {
          "uv": [
            10.0,
            5.5,
            12.5,
            8.0
          ],
          "texture": "#0"
        }
      }
    },
    {
      "from": [
        2.0,
        0.0,
        12.0
      ],
      "to": [
        6.0,
        8.0,
        16.0
      ],
      "rotation": {
        "origin": [
          2.0,
          0.0,
          12.0
        ],
        "axis": "y",
        "angle": 0.0
      },
      "faces": {
        "north": {
          "uv": [
            12.75,
            2.0,
            14.5,
            3.75
          ],
          "texture": "#0"
        },
        "east": {
          "uv": [
            8.25,
            2.0,
            6.5,
            4.0
          ],
          "texture": "#0"
        },
        "south": {
          "uv": [
            13.5,
            2.0,
            16.0,
            3.75
          ],
          "texture": "#0"
        },
        "west": {
          "uv": [
            10.0,
            0.25,
            11.25,
            2.75
          ],
          "texture": "#0"
        },
        "up": {
          "uv": [
            2.0,
            2.25,
            4.0,
            4.0
          ],
          "texture": "#0"
        },
        "down": {
          "uv": [
            10.0,
            6.0,
            11.5,
            8.0
          ],
          "texture": "#0"
        }
      }
    },
    {
      "from": [
        12.0,
        0.0,
        10.0
      ],
      "to": [
        16.0,
        7.0,
        14.0
      ],
      "rotation": {
        "origin": [
          12.0,
          0.0,
          10.0
        ],
        "axis": "y",
        "angle": 0.0
      },
      "faces": {
        "north": {
          "uv": [
            14.0,
            13.25,
            16.0,
            15.0
          ],
          "texture": "#0"
        },
        "east": {
          "uv": [
            7.25,
            8.75,
            9.75,
            11.5
          ],
          "texture": "#0"
        },
        "south": {
          "uv": [
            7.0,
            4.5,
            8.25,
            9.75
          ],
          "texture": "#0"
        },
        "west": {
          "uv": [
            7.0,
            8.75,
            8.25,
            11.25
          ],
          "texture": "#0"
        },
        "up": {
          "uv": [
            1.75,
            2.0,
            4.0,
            4.0
          ],
          "texture": "#0"
        },
        "down": {
          "uv": [
            10.0,
            6.0,
            13.0,
            8.0
          ],
          "texture": "#0"
        }
      }
    },
    {
      "from": [
        1.0,
        0.0,
        2.0
      ],
      "to": [
        5.0,
        5.0,
        6.0
      ],
      "rotation": {
        "origin": [
          1.0,
          0.0,
          2.0
        ],
        "axis": "y",
        "angle": 0.0
      },
      "faces": {
        "north": {
          "uv": [
            7.5,
            9.5,
            9.0,
            12.0
          ],
          "texture": "#0"
        },
        "east": {
          "uv": [
            6.75,
            9.0,
            8.5,
            11.0
          ],
          "texture": "#0"
        },
        "south": {
          "uv": [
            7.25,
            10.75,
            8.5,
            12.0
          ],
          "texture": "#0"
        },
        "west": {
          "uv": [
            7.0,
            9.75,
            8.5,
            12.0
          ],
          "texture": "#0"
        },
        "up": {
          "uv": [
            2.0,
            2.0,
            4.0,
            4.0
          ],
          "texture": "#0"
        },
        "down": {
          "uv": [
            10.0,
            7.0,
            11.0,
            8.0
          ],
          "texture": "#0"
        }
      }
    }
  ],
  "textures": {
    "particle": "blocks/tobypickle",
    "0": "blocks/tobypickle"
  }
}