{
  "display": {
    "thirdperson_righthand": {
      "rotation": [
        49.0,
        0.0,
        0.0
      ],
      "translation": [
        0.0,
        1.25,
        -0.5
      ],
      "scale": [
        0.27,
        0.27,
        0.27
      ]
    },
    "thirdperson_lefthand": {
      "rotation": [
        49.0,
        0.0,
        0.0
      ],
      "translation": [
        0.0,
        1.25,
        -0.5
      ],
      "scale": [
        0.27,
        0.27,
        0.27
      ]
    },
    "firstperson_righthand": {
      "rotation": [
        0.0,
        115.0,
        0.0
      ],
      "translation": [
        0.0,
        4.75,
        1.5
      ],
      "scale": [
        0.39,
        0.39,
        0.39
      ]
    },
    "firstperson_lefthand": {
      "rotation": [
        0.0,
        115.0,
        0.0
      ],
      "translation": [
        0.0,
        4.75,
        1.5
      ],
      "scale": [
        0.39,
        0.39,
        0.39
      ]
    },
    "ground": {
      "translation": [
        0.0,
        2.25,
        0.0
      ],
      "scale": [
        0.4,
        0.4,
        0.4
      ]
    },
    "gui": {
      "rotation": [
        11.75,
        145.0,
        0.0
      ],
      "translation": [
        0.0,
        -1.0,
        0.0
      ],
      "scale": [
        0.61,
        0.61,
        0.61
      ]
    },
    "head": {
      "translation": [
        0.0,
        -30.0,
        0.0
      ],
      "scale": [
        1.6,
        1.6,
        1.6
      ]
    },
    "fixed": {
      "rotation": [
        -90.0,
        0.0,
        0.0
      ],
      "translation": [
        0.0,
        0.0,
        -16.0
      ],
      "scale": [
        2.0,
        2.0,
        2.0
      ]
    }
  },
  "elements": [
    {
      "from": [
        15.0,
        9.0,
        0.0
      ],
      "to": [
        18.0,
        11.0,
        15.0
      ],
      "rotation": {
        "origin": [
          15.0,
          10.0,
          1.0
        ],
        "axis": "y",
        "angle": 0.0
      },
      "faces": {
        "north": {
          "uv": [
            2.75,
            6.75,
            3.125,
            7.0
          ],
          "texture": "#4"
        },
        "east": {
          "uv": [
            6.25,
            1.875,
            8.125,
            2.125
          ],
          "texture": "#4"
        },
        "south": {
          "uv": [
            6.625,
            6.75,
            7.0,
            7.0
          ],
          "texture": "#4"
        },
        "west": {
          "uv": [
            6.25,
            2.125,
            8.125,
            2.375
          ],
          "texture": "#4"
        },
        "up": {
          "uv": [
            3.0,
            6.75,
            2.625,
            4.875
          ],
          "texture": "#4"
        },
        "down": {
          "uv": [
            3.375,
            4.875,
            3.0,
            6.75
          ],
          "texture": "#4"
        }
      }
    },
    {
      "from": [
        -1.0,
        4.0,
        0.0
      ],
      "to": [
        17.0,
        6.0,
        16.0
      ],
      "rotation": {
        "origin": [
          0.0,
          4.0,
          0.0
        ],
        "axis": "y",
        "angle": 0.0
      },
      "faces": {
        "north": {
          "uv": [
            3.375,
            5.375,
            5.625,
            5.625
          ],
          "texture": "#4"
        },
        "east": {
          "uv": [
            6.0,
            3.875,
            8.0,
            4.125
          ],
          "texture": "#4"
        },
        "south": {
          "uv": [
            3.375,
            5.625,
            5.625,
            5.875
          ],
          "texture": "#4"
        },
        "west": {
          "uv": [
            6.0,
            4.125,
            8.0,
            4.375
          ],
          "texture": "#4"
        },
        "up": {
          "uv": [
            2.25,
            2.0,
            0.0,
            0.0
          ],
          "texture": "#4"
        },
        "down": {
          "uv": [
            2.25,
            2.0,
            0.0,
            4.0
          ],
          "texture": "#4"
        }
      }
    },
    {
      "from": [
        -1.0,
        0.0,
        1.0
      ],
      "to": [
        1.0,
        4.0,
        3.0
      ],
      "rotation": {
        "origin": [
          -1.0,
          0.0,
          1.0
        ],
        "axis": "y",
        "angle": 0.0
      },
      "faces": {
        "north": {
          "uv": [
            0.75,
            6.375,
            1.0,
            6.875
          ],
          "texture": "#4"
        },
        "east": {
          "uv": [
            1.0,
            6.375,
            1.25,
            6.875
          ],
          "texture": "#4"
        },
        "south": {
          "uv": [
            3.375,
            6.375,
            3.625,
            6.875
          ],
          "texture": "#4"
        },
        "west": {
          "uv": [
            3.625,
            6.375,
            3.875,
            6.875
          ],
          "texture": "#4"
        },
        "up": {
          "uv": [
            3.375,
            7.0,
            3.125,
            6.75
          ],
          "texture": "#4"
        },
        "down": {
          "uv": [
            1.0,
            6.875,
            0.75,
            7.125
          ],
          "texture": "#4"
        }
      }
    },
    {
      "from": [
        1.0,
        1.0,
        1.5
      ],
      "to": [
        15.0,
        4.0,
        2.5
      ],
      "rotation": {
        "origin": [
          27.0,
          0.0,
          1.5
        ],
        "axis": "y",
        "angle": 0.0
      },
      "faces": {
        "north": {
          "uv": [
            4.5,
            1.625,
            6.25,
            2.0
          ],
          "texture": "#4"
        },
        "east": {
          "uv": [
            1.25,
            6.375,
            1.375,
            6.75
          ],
          "texture": "#4"
        },
        "south": {
          "uv": [
            4.5,
            2.0,
            6.25,
            2.375
          ],
          "texture": "#4"
        },
        "west": {
          "uv": [
            1.25,
            6.75,
            1.375,
            7.125
          ],
          "texture": "#4"
        },
        "up": {
          "uv": [
            5.125,
            6.375,
            3.375,
            6.25
          ],
          "texture": "#4"
        },
        "down": {
          "uv": [
            6.875,
            6.25,
            5.125,
            6.375
          ],
          "texture": "#4"
        }
      }
    },
    {
      "from": [
        1.0,
        1.0,
        14.5
      ],
      "to": [
        15.0,
        4.0,
        15.5
      ],
      "rotation": {
        "origin": [
          27.0,
          0.0,
          14.5
        ],
        "axis": "y",
        "angle": 0.0
      },
      "faces": {
        "north": {
          "uv": [
            4.5,
            2.375,
            6.25,
            2.75
          ],
          "texture": "#4"
        },
        "east": {
          "uv": [
            5.625,
            6.875,
            5.75,
            7.25
          ],
          "texture": "#4"
        },
        "south": {
          "uv": [
            4.5,
            2.75,
            6.25,
            3.125
          ],
          "texture": "#4"
        },
        "west": {
          "uv": [
            5.75,
            6.875,
            5.875,
            7.25
          ],
          "texture": "#4"
        },
        "up": {
          "uv": [
            8.125,
            0.125,
            6.375,
            0.0
          ],
          "texture": "#4"
        },
        "down": {
          "uv": [
            8.125,
            0.125,
            6.375,
            0.25
          ],
          "texture": "#4"
        }
      }
    },
    {
      "from": [
        -1.0,
        0.0,
        14.0
      ],
      "to": [
        1.0,
        4.0,
        16.0
      ],
      "rotation": {
        "origin": [
          -1.0,
          0.0,
          14.0
        ],
        "axis": "y",
        "angle": 0.0
      },
      "faces": {
        "north": {
          "uv": [
            3.875,
            6.375,
            4.125,
            6.875
          ],
          "texture": "#4"
        },
        "east": {
          "uv": [
            4.125,
            6.375,
            4.375,
            6.875
          ],
          "texture": "#4"
        },
        "south": {
          "uv": [
            4.375,
            6.375,
            4.625,
            6.875
          ],
          "texture": "#4"
        },
        "west": {
          "uv": [
            4.625,
            6.375,
            4.875,
            6.875
          ],
          "texture": "#4"
        },
        "up": {
          "uv": [
            1.25,
            7.125,
            1.0,
            6.875
          ],
          "texture": "#4"
        },
        "down": {
          "uv": [
            3.625,
            6.875,
            3.375,
            7.125
          ],
          "texture": "#4"
        }
      }
    },
    {
      "from": [
        -0.5,
        1.0,
        3.0
      ],
      "to": [
        0.5,
        4.0,
        14.0
      ],
      "rotation": {
        "origin": [
          -1.5,
          0.0,
          11.0
        ],
        "axis": "y",
        "angle": 0.0
      },
      "faces": {
        "north": {
          "uv": [
            5.875,
            6.875,
            6.0,
            7.25
          ],
          "texture": "#4"
        },
        "east": {
          "uv": [
            0.0,
            5.625,
            1.375,
            6.0
          ],
          "texture": "#4"
        },
        "south": {
          "uv": [
            6.0,
            6.875,
            6.125,
            7.25
          ],
          "texture": "#4"
        },
        "west": {
          "uv": [
            5.625,
            4.875,
            7.0,
            5.25
          ],
          "texture": "#4"
        },
        "up": {
          "uv": [
            2.25,
            7.25,
            2.125,
            5.875
          ],
          "texture": "#4"
        },
        "down": {
          "uv": [
            0.125,
            6.375,
            0.0,
            7.75
          ],
          "texture": "#4"
        }
      }
    },
    {
      "from": [
        -1.0,
        6.0,
        14.0
      ],
      "to": [
        17.0,
        19.0,
        16.0
      ],
      "rotation": {
        "origin": [
          29.0,
          5.0,
          14.0
        ],
        "axis": "y",
        "angle": 0.0
      },
      "faces": {
        "north": {
          "uv": [
            2.25,
            0.0,
            4.5,
            1.625
          ],
          "texture": "#4"
        },
        "east": {
          "uv": [
            1.375,
            5.625,
            1.625,
            7.25
          ],
          "texture": "#4"
        },
        "south": {
          "uv": [
            2.25,
            1.625,
            4.5,
            3.25
          ],
          "texture": "#4"
        },
        "west": {
          "uv": [
            1.625,
            5.625,
            1.875,
            7.25
          ],
          "texture": "#4"
        },
        "up": {
          "uv": [
            5.625,
            5.125,
            3.375,
            4.875
          ],
          "texture": "#4"
        },
        "down": {
          "uv": [
            5.625,
            5.125,
            3.375,
            5.375
          ],
          "texture": "#4"
        }
      }
    },
    {
      "from": [
        -1.0,
        6.0,
        1.0
      ],
      "to": [
        1.0,
        9.0,
        3.0
      ],
      "rotation": {
        "origin": [
          1.0,
          6.0,
          1.0
        ],
        "axis": "y",
        "angle": 0.0
      },
      "faces": {
        "north": {
          "uv": [
            6.5,
            0.75,
            6.75,
            1.125
          ],
          "texture": "#4"
        },
        "east": {
          "uv": [
            6.5,
            1.125,
            6.75,
            1.5
          ],
          "texture": "#4"
        },
        "south": {
          "uv": [
            6.625,
            6.375,
            6.875,
            6.75
          ],
          "texture": "#4"
        },
        "west": {
          "uv": [
            6.75,
            0.25,
            7.0,
            0.625
          ],
          "texture": "#4"
        },
        "up": {
          "uv": [
            3.875,
            7.125,
            3.625,
            6.875
          ],
          "texture": "#4"
        },
        "down": {
          "uv": [
            4.125,
            6.875,
            3.875,
            7.125
          ],
          "texture": "#4"
        }
      }
    },
    {
      "from": [
        -2.0,
        9.0,
        0.0
      ],
      "to": [
        1.0,
        11.0,
        15.0
      ],
      "rotation": {
        "origin": [
          1.0,
          10.0,
          1.0
        ],
        "axis": "y",
        "angle": 0.0
      },
      "faces": {
        "north": {
          "uv": [
            6.625,
            6.0,
            7.0,
            6.25
          ],
          "texture": "#4"
        },
        "east": {
          "uv": [
            6.0,
            4.375,
            7.875,
            4.625
          ],
          "texture": "#4"
        },
        "south": {
          "uv": [
            6.75,
            0.625,
            7.125,
            0.875
          ],
          "texture": "#4"
        },
        "west": {
          "uv": [
            6.0,
            4.625,
            7.875,
            4.875
          ],
          "texture": "#4"
        },
        "up": {
          "uv": [
            2.25,
            5.875,
            1.875,
            4.0
          ],
          "texture": "#4"
        },
        "down": {
          "uv": [
            2.625,
            4.875,
            2.25,
            6.75
          ],
          "texture": "#4"
        }
      }
    },
    {
      "from": [
        -0.5,
        6.0,
        3.0
      ],
      "to": [
        0.5,
        9.0,
        14.0
      ],
      "rotation": {
        "origin": [
          0.5,
          6.0,
          3.0
        ],
        "axis": "y",
        "angle": 0.0
      },
      "faces": {
        "north": {
          "uv": [
            6.125,
            6.875,
            6.25,
            7.25
          ],
          "texture": "#4"
        },
        "east": {
          "uv": [
            5.625,
            5.25,
            7.0,
            5.625
          ],
          "texture": "#4"
        },
        "south": {
          "uv": [
            6.25,
            6.875,
            6.375,
            7.25
          ],
          "texture": "#4"
        },
        "west": {
          "uv": [
            5.625,
            5.625,
            7.0,
            6.0
          ],
          "texture": "#4"
        },
        "up": {
          "uv": [
            0.25,
            7.75,
            0.125,
            6.375
          ],
          "texture": "#4"
        },
        "down": {
          "uv": [
            0.375,
            6.375,
            0.25,
            7.75
          ],
          "texture": "#4"
        }
      }
    },
    {
      "from": [
        0.5,
        6.0,
        1.5
      ],
      "to": [
        15.5,
        8.0,
        14.5
      ],
      "rotation": {
        "origin": [
          -0.5,
          6.0,
          1.5
        ],
        "axis": "y",
        "angle": 0.0
      },
      "faces": {
        "north": {
          "uv": [
            4.75,
            6.0,
            6.625,
            6.25
          ],
          "texture": "#4"
        },
        "east": {
          "uv": [
            6.25,
            2.375,
            7.875,
            2.625
          ],
          "texture": "#4"
        },
        "south": {
          "uv": [
            6.25,
            1.625,
            8.125,
            1.875
          ],
          "texture": "#4"
        },
        "west": {
          "uv": [
            6.25,
            2.625,
            7.875,
            2.875
          ],
          "texture": "#4"
        },
        "up": {
          "uv": [
            4.125,
            4.875,
            2.25,
            3.25
          ],
          "texture": "#4"
        },
        "down": {
          "uv": [
            1.875,
            4.0,
            0.0,
            5.625
          ],
          "texture": "#4"
        }
      }
    },
    {
      "from": [
        0.5,
        5.0,
        13.25
      ],
      "to": [
        15.5,
        18.0,
        14.25
      ],
      "rotation": {
        "origin": [
          28.5,
          5.0,
          13.25
        ],
        "axis": "y",
        "angle": 0.0
      },
      "faces": {
        "north": {
          "uv": [
            4.125,
            3.25,
            6.0,
            4.875
          ],
          "texture": "#4"
        },
        "east": {
          "uv": [
            1.875,
            5.875,
            2.0,
            7.5
          ],
          "texture": "#4"
        },
        "south": {
          "uv": [
            4.5,
            0.0,
            6.375,
            1.625
          ],
          "texture": "#4"
        },
        "west": {
          "uv": [
            2.0,
            5.875,
            2.125,
            7.5
          ],
          "texture": "#4"
        },
        "up": {
          "uv": [
            8.125,
            3.0,
            6.25,
            2.875
          ],
          "texture": "#4"
        },
        "down": {
          "uv": [
            8.125,
            3.0,
            6.25,
            3.125
          ],
          "texture": "#4"
        }
      }
    },
    {
      "from": [
        15.0,
        0.0,
        14.0
      ],
      "to": [
        17.0,
        4.0,
        16.0
      ],
      "rotation": {
        "origin": [
          17.0,
          0.0,
          14.0
        ],
        "axis": "y",
        "angle": 0.0
      },
      "faces": {
        "north": {
          "uv": [
            4.875,
            6.375,
            5.125,
            6.875
          ],
          "texture": "#4"
        },
        "east": {
          "uv": [
            5.125,
            6.375,
            5.375,
            6.875
          ],
          "texture": "#4"
        },
        "south": {
          "uv": [
            5.375,
            6.375,
            5.625,
            6.875
          ],
          "texture": "#4"
        },
        "west": {
          "uv": [
            5.625,
            6.375,
            5.875,
            6.875
          ],
          "texture": "#4"
        },
        "up": {
          "uv": [
            4.375,
            7.125,
            4.125,
            6.875
          ],
          "texture": "#4"
        },
        "down": {
          "uv": [
            4.625,
            6.875,
            4.375,
            7.125
          ],
          "texture": "#4"
        }
      }
    },
    {
      "from": [
        15.0,
        0.0,
        1.0
      ],
      "to": [
        17.0,
        4.0,
        3.0
      ],
      "rotation": {
        "origin": [
          17.0,
          0.0,
          1.0
        ],
        "axis": "y",
        "angle": 0.0
      },
      "faces": {
        "north": {
          "uv": [
            5.875,
            6.375,
            6.125,
            6.875
          ],
          "texture": "#4"
        },
        "east": {
          "uv": [
            6.125,
            6.375,
            6.375,
            6.875
          ],
          "texture": "#4"
        },
        "south": {
          "uv": [
            6.375,
            6.375,
            6.625,
            6.875
          ],
          "texture": "#4"
        },
        "west": {
          "uv": [
            6.5,
            0.25,
            6.75,
            0.75
          ],
          "texture": "#4"
        },
        "up": {
          "uv": [
            4.875,
            7.125,
            4.625,
            6.875
          ],
          "texture": "#4"
        },
        "down": {
          "uv": [
            5.125,
            6.875,
            4.875,
            7.125
          ],
          "texture": "#4"
        }
      }
    },
    {
      "from": [
        15.5,
        1.0,
        3.0
      ],
      "to": [
        16.5,
        4.0,
        14.0
      ],
      "rotation": {
        "origin": [
          17.5,
          0.0,
          11.0
        ],
        "axis": "y",
        "angle": 0.0
      },
      "faces": {
        "north": {
          "uv": [
            6.875,
            6.25,
            7.0,
            6.625
          ],
          "texture": "#4"
        },
        "east": {
          "uv": [
            3.375,
            5.875,
            4.75,
            6.25
          ],
          "texture": "#4"
        },
        "south": {
          "uv": [
            6.375,
            6.875,
            6.5,
            7.25
          ],
          "texture": "#4"
        },
        "west": {
          "uv": [
            0.0,
            6.0,
            1.375,
            6.375
          ],
          "texture": "#4"
        },
        "up": {
          "uv": [
            6.5,
            1.625,
            6.375,
            0.25
          ],
          "texture": "#4"
        },
        "down": {
          "uv": [
            0.5,
            6.375,
            0.375,
            7.75
          ],
          "texture": "#4"
        }
      }
    },
    {
      "from": [
        15.5,
        6.0,
        3.0
      ],
      "to": [
        16.5,
        9.0,
        14.0
      ],
      "rotation": {
        "origin": [
          15.5,
          6.0,
          3.0
        ],
        "axis": "y",
        "angle": 0.0
      },
      "faces": {
        "north": {
          "uv": [
            6.5,
            6.875,
            6.625,
            7.25
          ],
          "texture": "#4"
        },
        "east": {
          "uv": [
            6.0,
            3.125,
            7.375,
            3.5
          ],
          "texture": "#4"
        },
        "south": {
          "uv": [
            7.0,
            0.25,
            7.125,
            0.625
          ],
          "texture": "#4"
        },
        "west": {
          "uv": [
            6.0,
            3.5,
            7.375,
            3.875
          ],
          "texture": "#4"
        },
        "up": {
          "uv": [
            0.625,
            7.75,
            0.5,
            6.375
          ],
          "texture": "#4"
        },
        "down": {
          "uv": [
            0.75,
            6.375,
            0.625,
            7.75
          ],
          "texture": "#4"
        }
      }
    },
    {
      "from": [
        15.0,
        6.0,
        1.0
      ],
      "to": [
        17.0,
        9.0,
        3.0
      ],
      "rotation": {
        "origin": [
          15.0,
          6.0,
          1.0
        ],
        "axis": "y",
        "angle": 0.0
      },
      "faces": {
        "north": {
          "uv": [
            6.75,
            0.875,
            7.0,
            1.25
          ],
          "texture": "#4"
        },
        "east": {
          "uv": [
            6.75,
            1.25,
            7.0,
            1.625
          ],
          "texture": "#4"
        },
        "south": {
          "uv": [
            2.25,
            6.75,
            2.5,
            7.125
          ],
          "texture": "#4"
        },
        "west": {
          "uv": [
            2.5,
            6.75,
            2.75,
            7.125
          ],
          "texture": "#4"
        },
        "up": {
          "uv": [
            5.375,
            7.125,
            5.125,
            6.875
          ],
          "texture": "#4"
        },
        "down": {
          "uv": [
            5.625,
            6.875,
            5.375,
            7.125
          ],
          "texture": "#4"
        }
      }
    }
  ],
  "textures": {
    "4": "nexo:item/nexo_furniture/arm_chair"
  }
}