{
  "elements": [
    {
      "from": [
        0.0,
        0.0,
        0.0
      ],
      "to": [
        16.0,
        16.0,
        16.0
      ],
      "faces": {
        "up": {
          "texture": "#1",
          "cullface": "up"
        },
        "down": {
          "texture": "#1",
          "cullface": "down"
        },
        "north": {
          "texture": "#0",
          "cullface": "north"
        },
        "south": {
          "texture": "#0",
          "cullface": "south"
        },
        "west": {
          "texture": "#0",
          "cullface": "west"
        },
        "east": {
          "texture": "#0",
          "cullface": "east"
        }
      }
    }
  ],
  "textures": {
    "particle": "required/particle",
    "0": "block/mushroom_stem",
    "1": "block/mushroom_block_inside"
  }
}