{
  "display": {
    "gui": {
      "translation": [
        72.0,
        65.0,
        -80.0
      ],
      "scale": [
        3.66,
        3.66,
        3.66
      ]
    }
  },
  "elements": [
    {
      "from": [
        -16.0,
        -16.0,
        15.9375
      ],
      "to": [
        32.0,
        32.0,
        16.0
      ],
      "faces": {
        "north": {
          "uv": [
            11.0,
            16.0,
            0.0,
            5.0
          ],
          "texture": "#texture",
          "rotation": 180
        },
        "south": {
          "uv": [
            0.0,
            5.0,
            11.0,
            16.0
          ],
          "texture": "#texture"
        }
      }
    }
  ],
  "textures": {
    "texture": "required/recipe_showcase"
  },
  "gui_light": "front"
}