{
  "display": {
    "gui": {
      "rotation": [
        30.0,
        225.0,
        0.0
      ]
    }
  },
  "elements": [
    {
      "from": [
        9.0,
        -4.25,
        6.0
      ],
      "to": [
        10.0,
        -4.0,
        10.0
      ],
      "faces": {
        "up": {
          "uv": [
            1.25,
            9.25,
            1.0,
            8.25
          ],
          "texture": "#0",
          "tintindex": 0
        },
        "down": {
          "uv": [
            1.5,
            8.25,
            1.25,
            9.25
          ],
          "texture": "#0",
          "tintindex": 0
        }
      }
    },
    {
      "from": [
        7.0,
        -4.25,
        6.0
      ],
      "to": [
        8.0,
        -4.0,
        10.0
      ],
      "faces": {
        "up": {
          "uv": [
            1.25,
            9.25,
            1.0,
            8.25
          ],
          "texture": "#0",
          "tintindex": 0
        },
        "down": {
          "uv": [
            1.5,
            8.25,
            1.25,
            9.25
          ],
          "texture": "#0",
          "tintindex": 0
        }
      }
    },
    {
      "from": [
        10.75,
        5.75,
        5.75
      ],
      "to": [
        12.0,
        8.0,
        6.0
      ],
      "faces": {
        "south": {
          "uv": [
            4.5,
            8.75,
            4.75,
            9.25
          ],
          "texture": "#0",
          "tintindex": 0
        },
        "north": {
          "uv": [
            4.25,
            8.75,
            4.5,
            9.25
          ],
          "texture": "#0",
          "tintindex": 0
        }
      }
    },
    {
      "from": [
        3.75,
        4.75,
        6.0
      ],
      "to": [
        4.0,
        8.0,
        10.0
      ],
      "faces": {
        "east": {
          "uv": [
            5.75,
            9.0,
            6.75,
            9.75
          ],
          "texture": "#0",
          "tintindex": 0
        },
        "west": {
          "uv": [
            6.75,
            9.0,
            7.75,
            9.75
          ],
          "texture": "#0",
          "tintindex": 0
        }
      }
    },
    {
      "from": [
        4.0,
        -3.0,
        5.75
      ],
      "to": [
        9.0,
        -2.0,
        6.0
      ],
      "faces": {
        "south": {
          "uv": [
            1.25,
            8.25,
            2.5,
            8.5
          ],
          "texture": "#0",
          "tintindex": 0
        },
        "north": {
          "uv": [
            0.0,
            8.25,
            1.25,
            8.5
          ],
          "texture": "#0",
          "tintindex": 0
        }
      }
    },
    {
      "from": [
        4.0,
        -4.25,
        6.0
      ],
      "to": [
        5.0,
        -4.0,
        10.0
      ],
      "faces": {
        "up": {
          "uv": [
            1.25,
            9.25,
            1.0,
            8.25
          ],
          "texture": "#0",
          "tintindex": 0
        },
        "down": {
          "uv": [
            1.5,
            8.25,
            1.25,
            9.25
          ],
          "texture": "#0",
          "tintindex": 0
        }
      }
    },
    {
      "from": [
        8.0,
        -4.25,
        6.0
      ],
      "to": [
        9.0,
        -4.0,
        10.0
      ],
      "faces": {
        "up": {
          "uv": [
            1.25,
            9.25,
            1.0,
            8.25
          ],
          "texture": "#0",
          "tintindex": 0
        },
        "down": {
          "uv": [
            1.5,
            8.25,
            1.25,
            9.25
          ],
          "texture": "#0",
          "tintindex": 0
        }
      }
    },
    {
      "from": [
        6.25,
        5.75,
        5.75
      ],
      "to": [
        8.25,
        8.0,
        6.0
      ],
      "faces": {
        "south": {
          "uv": [
            4.75,
            8.75,
            5.25,
            9.25
          ],
          "texture": "#0",
          "tintindex": 0
        },
        "north": {
          "uv": [
            4.25,
            8.75,
            4.75,
            9.25
          ],
          "texture": "#0",
          "tintindex": 0
        }
      }
    },
    {
      "from": [
        4.0,
        -4.0,
        10.0
      ],
      "to": [
        12.0,
        -3.0,
        10.25
      ],
      "faces": {
        "south": {
          "uv": [
            2.0,
            8.25,
            4.0,
            8.5
          ],
          "texture": "#0",
          "tintindex": 0
        },
        "north": {
          "uv": [
            0.0,
            8.25,
            2.0,
            8.5
          ],
          "texture": "#0",
          "tintindex": 0
        }
      }
    },
    {
      "from": [
        9.75,
        8.0,
        5.75
      ],
      "to": [
        12.0,
        8.25,
        10.25
      ],
      "faces": {
        "up": {
          "uv": [
            5.75,
            9.75,
            5.25,
            8.75
          ],
          "texture": "#0",
          "tintindex": 0
        },
        "down": {
          "uv": [
            6.25,
            8.75,
            5.75,
            9.75
          ],
          "texture": "#0",
          "tintindex": 0
        }
      }
    },
    {
      "from": [
        11.0,
        -4.25,
        6.0
      ],
      "to": [
        12.0,
        -4.0,
        10.0
      ],
      "faces": {
        "up": {
          "uv": [
            1.25,
            9.25,
            1.0,
            8.25
          ],
          "texture": "#0",
          "tintindex": 0
        },
        "down": {
          "uv": [
            1.5,
            8.25,
            1.25,
            9.25
          ],
          "texture": "#0",
          "tintindex": 0
        }
      }
    },
    {
      "from": [
        9.5,
        5.75,
        5.75
      ],
      "to": [
        10.75,
        7.0,
        6.0
      ],
      "faces": {
        "south": {
          "uv": [
            4.5,
            8.75,
            4.75,
            9.0
          ],
          "texture": "#0",
          "tintindex": 0
        },
        "north": {
          "uv": [
            4.25,
            8.75,
            4.5,
            9.0
          ],
          "texture": "#0",
          "tintindex": 0
        }
      }
    },
    {
      "from": [
        3.75,
        -4.0,
        5.75
      ],
      "to": [
        4.0,
        -3.0,
        10.25
      ],
      "faces": {
        "east": {
          "uv": [
            0.0,
            9.25,
            1.0,
            9.5
          ],
          "texture": "#0",
          "tintindex": 0
        },
        "west": {
          "uv": [
            1.0,
            9.25,
            2.0,
            9.5
          ],
          "texture": "#0",
          "tintindex": 0
        }
      }
    },
    {
      "from": [
        4.0,
        -4.0,
        5.75
      ],
      "to": [
        12.0,
        -3.0,
        6.0
      ],
      "faces": {
        "south": {
          "uv": [
            2.0,
            8.25,
            4.0,
            8.5
          ],
          "texture": "#0",
          "tintindex": 0
        },
        "north": {
          "uv": [
            0.0,
            8.25,
            2.0,
            8.5
          ],
          "texture": "#0",
          "tintindex": 0
        }
      }
    },
    {
      "from": [
        8.25,
        6.0,
        10.0
      ],
      "to": [
        12.0,
        8.0,
        10.25
      ],
      "faces": {
        "south": {
          "uv": [
            5.0,
            8.75,
            5.75,
            9.25
          ],
          "texture": "#0",
          "tintindex": 0
        },
        "north": {
          "uv": [
            4.25,
            8.75,
            5.0,
            9.25
          ],
          "texture": "#0",
          "tintindex": 0
        }
      }
    },
    {
      "from": [
        6.0,
        -4.25,
        6.0
      ],
      "to": [
        7.0,
        -4.0,
        10.0
      ],
      "faces": {
        "up": {
          "uv": [
            1.25,
            9.25,
            1.0,
            8.25
          ],
          "texture": "#0",
          "tintindex": 0
        },
        "down": {
          "uv": [
            1.5,
            8.25,
            1.25,
            9.25
          ],
          "texture": "#0",
          "tintindex": 0
        }
      }
    },
    {
      "from": [
        5.25,
        4.75,
        5.75
      ],
      "to": [
        6.25,
        8.0,
        6.0
      ],
      "faces": {
        "south": {
          "uv": [
            4.5,
            8.75,
            4.75,
            9.5
          ],
          "texture": "#0",
          "tintindex": 0
        },
        "north": {
          "uv": [
            4.25,
            8.75,
            4.5,
            9.5
          ],
          "texture": "#0",
          "tintindex": 0
        }
      }
    },
    {
      "from": [
        5.0,
        -3.0,
        10.0
      ],
      "to": [
        10.75,
        -2.0,
        10.25
      ],
      "faces": {
        "south": {
          "uv": [
            1.25,
            8.25,
            2.5,
            8.5
          ],
          "texture": "#0",
          "tintindex": 0
        },
        "north": {
          "uv": [
            0.0,
            8.25,
            1.25,
            8.5
          ],
          "texture": "#0",
          "tintindex": 0
        }
      }
    },
    {
      "from": [
        3.75,
        8.0,
        5.75
      ],
      "to": [
        6.25,
        8.25,
        10.25
      ],
      "faces": {
        "up": {
          "uv": [
            5.75,
            9.75,
            5.25,
            8.75
          ],
          "texture": "#0",
          "tintindex": 0
        },
        "down": {
          "uv": [
            6.25,
            8.75,
            5.75,
            9.75
          ],
          "texture": "#0",
          "tintindex": 0
        }
      }
    },
    {
      "from": [
        10.0,
        -4.25,
        6.0
      ],
      "to": [
        11.0,
        -4.0,
        10.0
      ],
      "faces": {
        "up": {
          "uv": [
            1.25,
            9.25,
            1.0,
            8.25
          ],
          "texture": "#0",
          "tintindex": 0
        },
        "down": {
          "uv": [
            1.5,
            8.25,
            1.25,
            9.25
          ],
          "texture": "#0",
          "tintindex": 0
        }
      }
    },
    {
      "from": [
        12.0,
        -4.0,
        5.75
      ],
      "to": [
        12.25,
        -3.0,
        10.25
      ],
      "faces": {
        "east": {
          "uv": [
            0.0,
            9.25,
            1.0,
            9.5
          ],
          "texture": "#0",
          "tintindex": 0
        },
        "west": {
          "uv": [
            1.0,
            9.25,
            2.0,
            9.5
          ],
          "texture": "#0",
          "tintindex": 0
        }
      }
    },
    {
      "from": [
        5.0,
        -4.25,
        6.0
      ],
      "to": [
        6.0,
        -4.0,
        10.0
      ],
      "faces": {
        "up": {
          "uv": [
            1.25,
            9.25,
            1.0,
            8.25
          ],
          "texture": "#0",
          "tintindex": 0
        },
        "down": {
          "uv": [
            1.5,
            8.25,
            1.25,
            9.25
          ],
          "texture": "#0",
          "tintindex": 0
        }
      }
    },
    {
      "from": [
        5.0,
        3.75,
        10.0
      ],
      "to": [
        8.25,
        5.75,
        10.25
      ],
      "faces": {
        "south": {
          "uv": [
            5.0,
            8.75,
            5.75,
            9.25
          ],
          "texture": "#0",
          "tintindex": 0
        },
        "north": {
          "uv": [
            4.25,
            8.75,
            5.0,
            9.25
          ],
          "texture": "#0",
          "tintindex": 0
        }
      }
    },
    {
      "from": [
        4.0,
        -4.0,
        6.0
      ],
      "to": [
        12.0,
        8.0,
        10.0
      ],
      "faces": {
        "east": {
          "uv": [
            4.0,
            5.0,
            5.0,
            8.0
          ],
          "texture": "#0",
          "tintindex": 0
        },
        "south": {
          "uv": [
            8.0,
            5.0,
            10.0,
            8.0
          ],
          "texture": "#0",
          "tintindex": 0
        },
        "north": {
          "uv": [
            5.0,
            5.0,
            7.0,
            8.0
          ],
          "texture": "#0",
          "tintindex": 0
        },
        "west": {
          "uv": [
            7.0,
            5.0,
            8.0,
            8.0
          ],
          "texture": "#0",
          "tintindex": 0
        },
        "up": {
          "uv": [
            7.0,
            5.0,
            5.0,
            4.0
          ],
          "texture": "#0",
          "tintindex": 0
        },
        "down": {
          "uv": [
            9.0,
            4.0,
            7.0,
            5.0
          ],
          "texture": "#0",
          "tintindex": 0
        }
      }
    },
    {
      "from": [
        3.75,
        0.75,
        6.0
      ],
      "to": [
        4.0,
        6.0,
        7.0
      ],
      "faces": {
        "east": {
          "uv": [
            5.0,
            8.25,
            5.25,
            9.5
          ],
          "texture": "#0",
          "tintindex": 0
        },
        "west": {
          "uv": [
            5.25,
            8.25,
            5.5,
            9.5
          ],
          "texture": "#0",
          "tintindex": 0
        }
      }
    },
    {
      "from": [
        7.0,
        1.75,
        10.0
      ],
      "to": [
        8.25,
        3.75,
        10.25
      ],
      "faces": {
        "south": {
          "uv": [
            4.5,
            8.75,
            4.75,
            9.25
          ],
          "texture": "#0",
          "tintindex": 0
        },
        "north": {
          "uv": [
            4.25,
            8.75,
            4.5,
            9.25
          ],
          "texture": "#0",
          "tintindex": 0
        }
      }
    },
    {
      "from": [
        3.75,
        2.75,
        5.75
      ],
      "to": [
        5.25,
        8.0,
        6.0
      ],
      "faces": {
        "south": {
          "uv": [
            4.5,
            8.75,
            4.75,
            10.0
          ],
          "texture": "#0",
          "tintindex": 0
        },
        "north": {
          "uv": [
            4.25,
            8.75,
            4.5,
            10.0
          ],
          "texture": "#0",
          "tintindex": 0
        }
      }
    },
    {
      "from": [
        4.0,
        5.75,
        10.0
      ],
      "to": [
        8.25,
        8.0,
        10.25
      ],
      "faces": {
        "south": {
          "uv": [
            5.25,
            8.75,
            6.25,
            9.25
          ],
          "texture": "#0",
          "tintindex": 0
        },
        "north": {
          "uv": [
            4.25,
            8.75,
            5.25,
            9.25
          ],
          "texture": "#0",
          "tintindex": 0
        }
      }
    }
  ],
  "textures": {
    "0": "modelengine:entity/skeleton1"
  }
}