{
  "display": {
    "gui": {
      "rotation": [
        30.0,
        225.0,
        0.0
      ]
    }
  },
  "elements": [
    {
      "from": [
        7.0,
        2.0,
        7.0
      ],
      "to": [
        9.0,
        8.0,
        9.0
      ],
      "faces": {
        "east": {
          "uv": [
            10.0,
            4.5,
            10.5,
            6.0
          ],
          "texture": "#0",
          "tintindex": 0
        },
        "south": {
          "uv": [
            11.5,
            4.5,
            12.0,
            6.0
          ],
          "texture": "#0",
          "tintindex": 0
        },
        "north": {
          "uv": [
            10.5,
            4.5,
            11.0,
            6.0
          ],
          "texture": "#0",
          "tintindex": 0
        },
        "west": {
          "uv": [
            11.0,
            4.5,
            11.5,
            6.0
          ],
          "texture": "#0",
          "tintindex": 0
        },
        "up": {
          "uv": [
            11.0,
            4.5,
            10.5,
            4.0
          ],
          "texture": "#0",
          "tintindex": 0
        },
        "down": {
          "uv": [
            11.5,
            4.0,
            11.0,
            4.5
          ],
          "texture": "#0",
          "tintindex": 0
        }
      }
    }
  ],
  "textures": {
    "0": "modelengine:entity/skeleton1"
  }
}