{
  "display": {
    "gui": {
      "rotation": [
        30.0,
        225.0,
        0.0
      ]
    }
  },
  "elements": [
    {
      "from": [
        6.75,
        1.6999998,
        6.75
      ],
      "to": [
        9.25,
        1.9499998,
        9.25
      ],
      "faces": {
        "up": {
          "uv": [
            5.25,
            9.25,
            4.75,
            8.75
          ],
          "texture": "#0",
          "tintindex": 0
        },
        "down": {
          "uv": [
            5.75,
            8.75,
            5.25,
            9.25
          ],
          "texture": "#0",
          "tintindex": 0
        }
      }
    },
    {
      "from": [
        7.0,
        2.0,
        7.0
      ],
      "to": [
        9.0,
        8.0,
        9.0
      ],
      "faces": {
        "east": {
          "uv": [
            0.0,
            4.5,
            0.5,
            6.0
          ],
          "texture": "#0",
          "tintindex": 0
        },
        "south": {
          "uv": [
            1.5,
            4.5,
            2.0,
            6.0
          ],
          "texture": "#0",
          "tintindex": 0
        },
        "north": {
          "uv": [
            0.5,
            4.5,
            1.0,
            6.0
          ],
          "texture": "#0",
          "tintindex": 0
        },
        "west": {
          "uv": [
            1.0,
            4.5,
            1.5,
            6.0
          ],
          "texture": "#0",
          "tintindex": 0
        },
        "up": {
          "uv": [
            1.0,
            4.5,
            0.5,
            4.0
          ],
          "texture": "#0",
          "tintindex": 0
        },
        "down": {
          "uv": [
            1.5,
            4.0,
            1.0,
            4.5
          ],
          "texture": "#0",
          "tintindex": 0
        }
      }
    }
  ],
  "textures": {
    "0": "modelengine:entity/skeleton1"
  }
}