{
  "display": {
    "gui": {
      "rotation": [
        30.0,
        225.0,
        0.0
      ]
    }
  },
  "elements": [
    {
      "from": [
        7.95,
        7.25,
        -7.0
      ],
      "to": [
        8.05,
        8.25,
        5.0
      ],
      "faces": {
        "east": {
          "uv": [
            7.75,
            15.75,
            10.75,
            16.0
          ],
          "texture": "#0",
          "tintindex": 0
        },
        "west": {
          "uv": [
            10.75,
            15.75,
            13.75,
            16.0
          ],
          "texture": "#0",
          "tintindex": 0
        }
      }
    },
    {
      "from": [
        7.75,
        7.403281,
        9.770598
      ],
      "to": [
        8.25,
        8.403281,
        10.770597
      ],
      "rotation": {
        "origin": [
          8.0,
          7.903281,
          10.270597
        ],
        "axis": "x",
        "angle": -22.5
      },
      "faces": {
        "east": {
          "uv": [
            3.5,
            11.25,
            3.75,
            11.5
          ],
          "texture": "#0",
          "tintindex": 0
        },
        "west": {
          "uv": [
            3.75,
            11.25,
            4.0,
            11.5
          ],
          "texture": "#0",
          "tintindex": 0
        }
      }
    },
    {
      "from": [
        7.75,
        7.25,
        5.0
      ],
      "to": [
        8.25,
        8.25,
        10.0
      ],
      "faces": {
        "east": {
          "uv": [
            1.25,
            12.25,
            2.5,
            12.5
          ],
          "texture": "#0",
          "tintindex": 0
        },
        "west": {
          "uv": [
            2.5,
            12.25,
            3.75,
            12.5
          ],
          "texture": "#0",
          "tintindex": 0
        }
      }
    }
  ],
  "textures": {
    "0": "modelengine:entity/skeleton1"
  }
}