{
  "display": {
    "gui": {
      "rotation": [
        30.0,
        225.0,
        0.0
      ]
    }
  },
  "elements": [
    {
      "from": [
        7.25,
        7.8999996,
        8.05
      ],
      "to": [
        8.75,
        8.15,
        10.8
      ],
      "faces": {
        "up": {
          "uv": [
            0.75,
            8.75,
            0.5,
            8.25
          ],
          "texture": "#0",
          "tintindex": 0
        },
        "down": {
          "uv": [
            1.0,
            8.25,
            0.75,
            8.75
          ],
          "texture": "#0",
          "tintindex": 0
        }
      }
    }
  ],
  "textures": {
    "0": "modelengine:entity/skeleton1"
  }
}